date,draw_id,model,log_gain,w_uniform,w_sparse_single_ball,w_spike_slab
2000-03-01,SYN-0061,uniform,-3.552713678800501e-15,0.5,0.25,0.25
2000-03-01,SYN-0061,sparse_single_ball,0.011042528314685995,0.5,0.25,0.25
2000-03-01,SYN-0061,spike_slab,0.018825803445423617,0.5,0.25,0.25
2000-03-01,SYN-0061,online_mixture,0.007498775824473114,0.5,0.25,0.25
2000-03-02,SYN-0062,uniform,-3.552713678800501e-15,0.49907583242409037,0.2502208392240576,0.25070332835185194
2000-03-02,SYN-0062,sparse_single_ball,-0.013863623925935542,0.49907583242409037,0.2502208392240576,0.25070332835185194
2000-03-02,SYN-0062,spike_slab,-0.023758774129230886,0.49907583242409037,0.2502208392240576,0.25070332835185194
2000-03-02,SYN-0062,online_mixture,-0.009375043219925772,0.49907583242409037,0.2502208392240576,0.25070332835185194
2000-03-03,SYN-0063,uniform,-3.552713678800501e-15,0.5002491215158766,0.24994314479345395,0.2498077336906694
2000-03-03,SYN-0063,sparse_single_ball,0.015283436131312556,0.5002491215158766,0.24994314479345395,0.2498077336906694
2000-03-03,SYN-0063,spike_slab,0.02594211172675287,0.5002491215158766,0.24994314479345395,0.2498077336906694
2000-03-03,SYN-0063,online_mixture,0.010360802914171074,0.5002491215158766,0.24994314479345395,0.2498077336906694
2000-03-04,SYN-0064,uniform,-3.552713678800501e-15,0.49897108609455315,0.25025122015308726,0.2507776937523595
2000-03-04,SYN-0064,sparse_single_ball,0.00523964212339223,0.49897108609455315,0.25025122015308726,0.2507776937523595
2000-03-04,SYN-0064,spike_slab,0.00885984072843371,0.49897108609455315,0.25025122015308726,0.2507776937523595
2000-03-04,SYN-0064,online_mixture,0.003540116585995179,0.49897108609455315,0.25025122015308726,0.2507776937523595
2000-03-05,SYN-0065,uniform,-3.552713678800501e-15,0.49854503220607194,0.2503543213002414,0.2511006464936867
2000-03-05,SYN-0065,sparse_single_ball,-0.0033435290484291613,0.49854503220607194,0.2503543213002414,0.2511006464936867
2000-03-05,SYN-0065,spike_slab,-0.006158210077185089,0.49854503220607194,0.2503543213002414,0.2511006464936867
2000-03-05,SYN-0065,online_mixture,-0.002380078241806416,0.49854503220607194,0.2503543213002414,0.2511006464936867
2000-03-06,SYN-0066,uniform,-3.552713678800501e-15,0.4988536542047831,0.2502912414690881,0.25085510432612873
2000-03-06,SYN-0066,sparse_single_ball,0.018321876094887557,0.4988536542047831,0.2502912414690881,0.25085510432612873
2000-03-06,SYN-0066,spike_slab,0.031499737097632874,0.4988536542047831,0.2502912414690881,0.25085510432612873
2000-03-06,SYN-0066,online_mixture,0.012576299276791048,0.4988536542047831,0.2502912414690881,0.25085510432612873
2000-03-07,SYN-0067,uniform,-3.552713678800501e-15,0.49732299112509676,0.25064863151076117,0.2520283773641421
2000-03-07,SYN-0067,sparse_single_ball,0.013948981706235486,0.49732299112509676,0.25064863151076117,0.2520283773641421
2000-03-07,SYN-0067,spike_slab,0.024326121861715677,0.49732299112509676,0.25064863151076117,0.2520283773641421
2000-03-07,SYN-0067,online_mixture,0.009679842179128428,0.49732299112509676,0.25064863151076117,0.2520283773641421
2000-03-08,SYN-0068,uniform,-3.552713678800501e-15,0.4961645872167884,0.2509095791224674,0.25292583366074417
2000-03-08,SYN-0068,sparse_single_ball,-0.005683858481919657,0.4961645872167884,0.2509095791224674,0.25292583366074417
2000-03-08,SYN-0068,spike_slab,-0.010717083030350238,0.4961645872167884,0.2509095791224674,0.25292583366074417
2000-03-08,SYN-0068,online_mixture,-0.004126746452637775,0.4961645872167884,0.2509095791224674,0.25292583366074417
2000-03-09,SYN-0069,uniform,-3.552713678800501e-15,0.4967108935626527,0.25080427151070367,0.2524848349266436
2000-03-09,SYN-0069,sparse_single_ball,0.004683420914783909,0.4967108935626527,0.25080427151070367,0.2524848349266436
2000-03-09,SYN-0069,spike_slab,0.00783815603596949,0.4967108935626527,0.25080427151070367,0.2524848349266436
2000-03-09,SYN-0069,online_mixture,0.003159173200579346,0.4967108935626527,0.25080427151070367,0.2524848349266436
2000-03-10,SYN-0070,uniform,-3.552713678800501e-15,0.49635607205099896,0.250891120902505,0.25275280704649605
2000-03-10,SYN-0070,sparse_single_ball,0.0006988397425864434,0.49635607205099896,0.250891120902505,0.25275280704649605
2000-03-10,SYN-0070,spike_slab,0.0005751278568908447,0.49635607205099896,0.250891120902505,0.25275280704649605
2000-03-10,SYN-0070,online_mixture,0.00032074950975768957,0.49635607205099896,0.250891120902505,0.25275280704649605
2000-03-11,SYN-0071,uniform,-3.552713678800501e-15,0.4963531141913239,0.2509056909303138,0.2527411948783623
2000-03-11,SYN-0071,sparse_single_ball,-0.026129359931733376,0.4963531141913239,0.2509056909303138,0.2527411948783623
2000-03-11,SYN-0071,spike_slab,-0.04489666725155672,0.4963531141913239,0.2509056909303138,0.2527411948783623
2000-03-11,SYN-0071,online_mixture,-0.017723512285716225,0.4963531141913239,0.2509056909303138,0.2527411948783623
2000-03-12,SYN-0072,uniform,-3.552713678800501e-15,0.4985883255414009,0.2503835349320563,0.2510281395265428
2000-03-12,SYN-0072,sparse_single_ball,-0.01996645215261239,0.4985883255414009,0.2503835349320563,0.2510281395265428
2000-03-12,SYN-0072,spike_slab,-0.032299667442160285,0.4985883255414009,0.2503835349320563,0.2510281395265428
2000-03-12,SYN-0072,online_mixture,-0.013012569035222299,0.4985883255414009,0.2503835349320563,0.2510281395265428
2000-03-13,SYN-0073,uniform,-3.552713678800501e-15,0.5002196180420739,0.24995354059287075,0.24982684136505526
2000-03-13,SYN-0073,sparse_single_ball,0.015119748764803376,0.5002196180420739,0.24995354059287075,0.24982684136505526
2000-03-13,SYN-0073,spike_slab,0.025963186973708474,0.5002196180420739,0.24995354059287075,0.24982684136505526
2000-03-13,SYN-0073,online_mixture,0.0103256928795048,0.5002196180420739,0.24995354059287075,0.24982684136505526
2000-03-14,SYN-0074,uniform,-3.552713678800501e-15,0.49894627783530904,0.2502535554430306,0.25080016672166033
2000-03-14,SYN-0074,sparse_single_ball,-0.0003393920842569287,0.49894627783530904,0.2502535554430306,0.25080016672166033
2000-03-14,SYN-0074,spike_slab,-0.0007971429445809974,0.49894627783530904,0.2502535554430306,0.25080016672166033
2000-03-14,SYN-0074,online_mixture,-0.00028480413801190707,0.49894627783530904,0.2502535554430306,0.25080016672166033
2000-03-15,SYN-0075,uniform,-3.552713678800501e-15,0.4989919915025276,0.2502476413429906,0.2507603671544819
2000-03-15,SYN-0075,sparse_single_ball,-0.0021202472503460967,0.4989919915025276,0.2502476413429906,0.2507603671544819
2000-03-15,SYN-0075,spike_slab,-0.004019128431053787,0.4989919915025276,0.2502476413429906,0.2507603671544819
2000-03-15,SYN-0075,online_mixture,-0.0015370209109981658,0.4989919915025276,0.2502476413429906,0.2507603671544819
2000-03-16,SYN-0076,uniform,-3.552713678800501e-15,0.499192061036726,0.2502091098957984,0.25059882906747555
2000-03-16,SYN-0076,sparse_single_ball,0.015704493131980968,0.499192061036726,0.2502091098957984,0.25059882906747555
2000-03-16,SYN-0076,spike_slab,0.026734013371111587,0.499192061036726,0.2502091098957984,0.25059882906747555
2000-03-16,SYN-0076,online_mixture,0.010692918776008753,0.499192061036726,0.2502091098957984,0.25059882906747555
2000-03-17,SYN-0077,uniform,-3.552713678800501e-15,0.49788671051752253,0.250520540932549,0.2515927485499285
2000-03-17,SYN-0077,sparse_single_ball,-0.00677008698185233,0.49788671051752253,0.250520540932549,0.2515927485499285
2000-03-17,SYN-0077,spike_slab,-0.0123382262559808,0.49788671051752253,0.250520540932549,0.2515927485499285
2000-03-17,SYN-0077,online_mixture,-0.0047868930727901216,0.49788671051752253,0.250520540932549,0.2515927485499285
2000-03-18,SYN-0078,uniform,-3.552713678800501e-15,0.4984993068948909,0.25039302128858176,0.25110767181652727
2000-03-18,SYN-0078,sparse_single_ball,-0.007068733016609485,0.4984993068948909,0.25039302128858176,0.25110767181652727
2000-03-18,SYN-0078,spike_slab,-0.0124877606747269,0.4984993068948909,0.25039302128858176,0.25110767181652727
2000-03-18,SYN-0078,online_mixture,-0.004891940861266875,0.4984993068948909,0.25039302128858176,0.25110767181652727
2000-03-19,SYN-0079,uniform,-3.552713678800501e-15,0.4991195214422862,0.2502548676573691,0.2506256109003446
2000-03-19,SYN-0079,sparse_single_ball,-0.014777175587596503,0.4991195214422862,0.2502548676573691,0.2506256109003446
2000-03-19,SYN-0079,spike_slab,-0.024491638588891362,0.4991195214422862,0.2502548676573691,0.2506256109003446
2000-03-19,SYN-0079,online_mixture,-0.009782235327840283,0.4991195214422862,0.2502548676573691,0.2506256109003446
2000-03-20,SYN-0080,uniform,-3.552713678800501e-15,0.5003432441911866,0.24994564238479977,0.24971111342401356
2000-03-20,SYN-0080,sparse_single_ball,-0.0067610004597931095,0.5003432441911866,0.24994564238479977,0.24971111342401356
2000-03-20,SYN-0080,spike_slab,-0.011485128438842196,0.5003432441911866,0.24994564238479977,0.24971111342401356
2000-03-20,SYN-0080,online_mixture,-0.00454605810083919,0.5003432441911866,0.24994564238479977,0.24971111342401356
2000-03-21,SYN-0081,uniform,-3.552713678800501e-15,0.5009041886558914,0.24980975070487058,0.24928606063923814
2000-03-21,SYN-0081,sparse_single_ball,0.0071478140882099694,0.5009041886558914,0.24980975070487058,0.24928606063923814
2000-03-21,SYN-0081,spike_slab,0.012125144319846015,0.5009041886558914,0.24980975070487058,0.24928606063923814
2000-03-21,SYN-0081,online_mixture,0.0048213775509751144,0.5009041886558914,0.24980975070487058,0.24928606063923814
2000-03-22,SYN-0082,uniform,-3.552713678800501e-15,0.5002990042297607,0.2499561441770792,0.24974485159315996
2000-03-22,SYN-0082,sparse_single_ball,-0.0012994522444209622,0.5002990042297607,0.2499561441770792,0.24974485159315996
2000-03-22,SYN-0082,spike_slab,-0.0025161519294343293,0.5002990042297607,0.2499561441770792,0.24974485159315996
2000-03-22,SYN-0082,online_mixture,-0.0009526548434735105,0.5002990042297607,0.2499561441770792,0.24974485159315996
2000-03-23,SYN-0083,uniform,-3.552713678800501e-15,0.5004140406015877,0.24993515472709826,0.249650804671314
2000-03-23,SYN-0083,sparse_single_ball,0.006079498892720636,0.5004140406015877,0.24993515472709826,0.249650804671314
2000-03-23,SYN-0083,spike_slab,0.010087226582648157,0.5004140406015877,0.24993515472709826,0.249650804671314
2000-03-23,SYN-0083,online_mixture,0.004046937102810233,0.5004140406015877,0.24993515472709826,0.249650804671314
2000-03-24,SYN-0084,uniform,-3.552713678800501e-15,0.49990978173476036,0.2500619930784446,0.25002822518679507
2000-03-24,SYN-0084,sparse_single_ball,0.002391558935869398,0.49990978173476036,0.2500619930784446,0.25002822518679507
2000-03-24,SYN-0084,spike_slab,0.0037080314896513755,0.49990978173476036,0.2500619930784446,0.25002822518679507
2000-03-24,SYN-0084,online_mixture,0.001526421651593779,0.49990978173476036,0.2500619930784446,0.25002822518679507
2000-03-25,SYN-0085,uniform,-3.552713678800501e-15,0.4997219772659039,0.2501149815993778,0.25016304113471827
2000-03-25,SYN-0085,sparse_single_ball,-0.03984084326135928,0.4997219772659039,0.2501149815993778,0.25016304113471827
2000-03-25,SYN-0085,spike_slab,-0.06603302593525484,0.4997219772659039,0.2501149815993778,0.25016304113471827
2000-03-25,SYN-0085,online_mixture,-0.026091779562470663,0.4997219772659039,0.2501149815993778,0.25016304113471827
2000-03-26,SYN-0086,uniform,-3.552713678800501e-15,0.5029989449420625,0.24928230403991972,0.2477187510180176
2000-03-26,SYN-0086,sparse_single_ball,0.0021895885819489536,0.5029989449420625,0.24928230403991972,0.2477187510180176
2000-03-26,SYN-0086,spike_slab,0.0034885260473132007,0.5029989449420625,0.24928230403991972,0.2477187510180176
2000-03-26,SYN-0086,online_mixture,0.0014111100208431537,0.5029989449420625,0.24928230403991972,0.2477187510180176
2000-03-27,SYN-0087,uniform,-3.552713678800501e-15,0.502793417931777,0.24933756717565211,0.24786901489257088
2000-03-27,SYN-0087,sparse_single_ball,-0.01880424067975639,0.502793417931777,0.24933756717565211,0.24786901489257088
2000-03-27,SYN-0087,spike_slab,-0.03084057223993142,0.502793417931777,0.24933756717565211,0.24786901489257088
2000-03-27,SYN-0087,online_mixture,-0.012247233574715466,0.502793417931777,0.24933756717565211,0.24786901489257088
2000-03-28,SYN-0088,uniform,-3.552713678800501e-15,0.5042999107968111,0.2489438461068031,0.24675624309638564
2000-03-28,SYN-0088,sparse_single_ball,-0.00584653590834705,0.5042999107968111,0.2489438461068031,0.24675624309638564
2000-03-28,SYN-0088,spike_slab,-0.009638181675075685,0.5042999107968111,0.2489438461068031,0.24675624309638564
2000-03-28,SYN-0088,online_mixture,-0.0038253772314789103,0.5042999107968111,0.2489438461068031,0.24675624309638564
2000-03-29,SYN-0089,uniform,-3.552713678800501e-15,0.5047353851437583,0.24883029447371477,0.2464343203825269
2000-03-29,SYN-0089,sparse_single_ball,-0.0010922716523644738,0.5047353851437583,0.24883029447371477,0.2464343203825269
2000-03-29,SYN-0089,spike_slab,-0.0019296043482270875,0.5047353851437583,0.24883029447371477,0.2464343203825269
2000-03-29,SYN-0089,online_mixture,-0.0007469830665947086,0.5047353851437583,0.24883029447371477,0.2464343203825269
2000-03-30,SYN-0090,uniform,-3.552713678800501e-15,0.5047813853611368,0.24882074282314842,0.24639787181571463
2000-03-30,SYN-0090,sparse_single_ball,-0.005941735013291094,0.5047813853611368,0.24882074282314842,0.24639787181571463
2000-03-30,SYN-0090,spike_slab,-0.009939173754602848,0.5047813853611368,0.24882074282314842,0.24639787181571463
2000-03-30,SYN-0090,online_mixture,-0.003918571987398423,0.5047813853611368,0.24882074282314842,0.24639787181571463
2000-03-31,SYN-0091,uniform,-3.552713678800501e-15,0.50522420148024,0.2487083825066922,0.24606741601306775
2000-03-31,SYN-0091,sparse_single_ball,0.0030143442054111347,0.50522420148024,0.2487083825066922,0.24606741601306775
2000-03-31,SYN-0091,spike_slab,0.004658358031019105,0.50522420148024,0.2487083825066922,0.24606741601306775
2000-03-31,SYN-0091,online_mixture,0.001897965589414241,0.50522420148024,0.2487083825066922,0.24606741601306775
2000-04-01,SYN-0092,uniform,-3.552713678800501e-15,0.5049348762150513,0.2487901198120607,0.24627500397288798
2000-04-01,SYN-0092,sparse_single_ball,0.0018033202360889788,0.5049348762150513,0.2487901198120607,0.24627500397288798
2000-04-01,SYN-0092,spike_slab,0.002634707226928157,0.5049348762150513,0.2487901198120607,0.24627500397288798
2000-04-01,SYN-0092,online_mixture,0.001098167887342072,0.5049348762150513,0.2487901198120607,0.24627500397288798
2000-04-02,SYN-0093,uniform,-3.552713678800501e-15,0.5047483683048457,0.2488456729401698,0.24640595875498442
2000-04-02,SYN-0093,sparse_single_ball,-0.0013608583825188703,0.5047483683048457,0.2488456729401698,0.24640595875498442
2000-04-02,SYN-0093,spike_slab,-0.0022039736855710146,0.5047483683048457,0.2488456729401698,0.24640595875498442
2000-04-02,SYN-0093,online_mixture,-0.0008812758409106891,0.5047483683048457,0.2488456729401698,0.24640595875498442
2000-04-03,SYN-0094,uniform,-3.552713678800501e-15,0.5048110315752979,0.2488277011538803,0.24636126727082172
2000-04-03,SYN-0094,sparse_single_ball,-0.003406485455776931,0.5048110315752979,0.2488277011538803,0.24636126727082172
2000-04-03,SYN-0094,spike_slab,-0.005869103529100528,0.5048110315752979,0.2488277011538803,0.24636126727082172
2000-04-03,SYN-0094,online_mixture,-0.002290491987583465,0.5048110315752979,0.2488277011538803,0.24636126727082172
2000-04-04,SYN-0095,uniform,-3.552713678800501e-15,0.5050494654346258,0.2487708465224472,0.24617968804292698
2000-04-04,SYN-0095,sparse_single_ball,-0.010317213458158392,0.5050494654346258,0.2487708465224472,0.24617968804292698
2000-04-04,SYN-0095,spike_slab,-0.01676215663085756,0.5050494654346258,0.2487708465224472,0.24617968804292698
2000-04-04,SYN-0095,online_mixture,-0.006667717433298748,0.5050494654346258,0.2487708465224472,0.24617968804292698
2000-04-05,SYN-0096,uniform,-3.552713678800501e-15,0.5058355142288432,0.24855971016047565,0.24560477561068123
2000-04-05,SYN-0096,sparse_single_ball,0.001197526092774126,0.5058355142288432,0.24855971016047565,0.24560477561068123
2000-04-05,SYN-0096,spike_slab,0.0015040670708188486,0.5058355142288432,0.24855971016047565,0.24560477561068123
2000-04-05,SYN-0096,online_mixture,0.0006672963443179469,0.5058355142288432,0.24855971016047565,0.24560477561068123
2000-04-06,SYN-0097,uniform,-3.552713678800501e-15,0.5056936462884973,0.24860674495191987,0.2456996087595827
2000-04-06,SYN-0097,sparse_single_ball,0.00936051164367413,0.5056936462884973,0.24860674495191987,0.2456996087595827
2000-04-06,SYN-0097,spike_slab,0.014625960185686182,0.5056936462884973,0.24860674495191987,0.2456996087595827
2000-04-06,SYN-0097,online_mixture,0.00594033413912598,0.5056936462884973,0.24860674495191987,0.2456996087595827
2000-04-07,SYN-0098,uniform,-3.552713678800501e-15,0.5048956168264283,0.2488321195409858,0.24627226363258584
2000-04-07,SYN-0098,sparse_single_ball,0.0009417255323107554,0.5048956168264283,0.2488321195409858,0.24627226363258584
2000-04-07,SYN-0098,spike_slab,0.0009283674848532542,0.5048956168264283,0.2488321195409858,0.24627226363258584
2000-04-07,SYN-0098,online_mixture,0.00046307202017459304,0.5048956168264283,0.2488321195409858,0.24627226363258584
2000-04-08,SYN-0099,uniform,-3.552713678800501e-15,0.5047888079991966,0.24887328348947482,0.24633790851132864
2000-04-08,SYN-0099,sparse_single_ball,0.006001792411382212,0.5047888079991966,0.24887328348947482,0.24633790851132864
2000-04-08,SYN-0099,spike_slab,0.009044706188142015,0.5047888079991966,0.24887328348947482,0.24633790851132864
2000-04-08,SYN-0099,online_mixture,0.0037293748892679446,0.5047888079991966,0.24887328348947482,0.24633790851132864
2000-04-09,SYN-0100,uniform,-3.552713678800501e-15,0.5042759215537748,0.24902491551107708,0.24669916293514818
2000-04-09,SYN-0100,sparse_single_ball,-0.0005278172824247918,0.5042759215537748,0.24902491551107708,0.24669916293514818
2000-04-09,SYN-0100,spike_slab,-0.0014468700390608547,0.5042759215537748,0.24902491551107708,0.24669916293514818
2000-04-09,SYN-0100,online_mixture,-0.0004882076541008473,0.5042759215537748,0.24902491551107708,0.24669916293514818
2000-04-10,SYN-0101,uniform,-3.552713678800501e-15,0.5042941146735884,0.24903223310702108,0.2466736522193905
2000-04-10,SYN-0101,sparse_single_ball,0.002459410526000738,0.5042941146735884,0.24903223310702108,0.2466736522193905
2000-04-10,SYN-0101,spike_slab,0.0031664888720470685,0.5042941146735884,0.24903223310702108,0.2466736522193905
2000-04-10,SYN-0101,online_mixture,0.0013945807304871494,0.5042941146735884,0.24903223310702108,0.2466736522193905
2000-04-11,SYN-0102,uniform,-3.552713678800501e-15,0.5040772376926791,0.2491075979171999,0.24681516439012083
2000-04-11,SYN-0102,sparse_single_ball,0.012655873496711934,0.5040772376926791,0.2491075979171999,0.24681516439012083
2000-04-11,SYN-0102,spike_slab,0.019747175667834682,0.5040772376926791,0.2491075979171999,0.24681516439012083
2000-04-11,SYN-0102,online_mixture,0.008062463064273828,0.5040772376926791,0.2491075979171999,0.24681516439012083
2000-04-12,SYN-0103,uniform,-3.552713678800501e-15,0.5030349643222799,0.24940154896227412,0.24756348671544598
2000-04-12,SYN-0103,sparse_single_ball,0.007743519579811675,0.5030349643222799,0.24940154896227412,0.24756348671544598
2000-04-12,SYN-0103,spike_slab,0.011665740079038756,0.5030349643222799,0.24940154896227412,0.24756348671544598
2000-04-12,SYN-0103,online_mixture,0.004831972012524943,0.5030349643222799,0.24940154896227412,0.24756348671544598
2000-04-13,SYN-0104,uniform,-3.552713678800501e-15,0.5024045777485928,0.24958790877967835,0.24800751347172878
2000-04-13,SYN-0104,sparse_single_ball,-0.04362252921189125,0.5024045777485928,0.24958790877967835,0.24800751347172878
2000-04-13,SYN-0104,spike_slab,-0.06421256181106472,0.5024045777485928,0.24958790877967835,0.24800751347172878
2000-04-13,SYN-0104,online_mixture,-0.026424335275084587,0.5024045777485928,0.24958790877967835,0.24800751347172878
2000-04-14,SYN-0105,uniform,-3.552713678800501e-15,0.5057136017876892,0.24854984030256952,0.2457365579097412
2000-04-14,SYN-0105,sparse_single_ball,0.0039161512550975885,0.5057136017876892,0.24854984030256952,0.2457365579097412
2000-04-14,SYN-0105,spike_slab,0.006014097459225098,0.5057136017876892,0.24854984030256952,0.2457365579097412
2000-04-14,SYN-0105,online_mixture,0.0024545887991216375,0.5057136017876892,0.24854984030256952,0.2457365579097412
2000-04-15,SYN-0106,uniform,-3.552713678800501e-15,0.5053496475401791,0.24865442238761815,0.2459959300722028
2000-04-15,SYN-0106,sparse_single_ball,0.0017671324327039883,0.5053496475401791,0.24865442238761815,0.2459959300722028
2000-04-15,SYN-0106,spike_slab,0.0025352527972408723,0.5053496475401791,0.24865442238761815,0.2459959300722028
2000-04-15,SYN-0106,online_mixture,0.001063680966169045,0.5053496475401791,0.24865442238761815,0.2459959300722028
2000-04-16,SYN-0107,uniform,-3.552713678800501e-15,0.5051631874424863,0.2487112020958313,0.24612561046168235
2000-04-16,SYN-0107,sparse_single_ball,0.0023903410974810413,0.5051631874424863,0.2487112020958313,0.24612561046168235
2000-04-16,SYN-0107,spike_slab,0.003489545575327213,0.5051631874424863,0.2487112020958313,0.24612561046168235
2000-04-16,SYN-0107,online_mixture,0.0014545241817884857,0.5051631874424863,0.2487112020958313,0.24612561046168235
2000-04-17,SYN-0108,uniform,-3.552713678800501e-15,0.5049298406255994,0.24878175522725718,0.24628840414714334
2000-04-17,SYN-0108,sparse_single_ball,-5.553854620643506e-07,0.5049298406255994,0.24878175522725718,0.24628840414714334
2000-04-17,SYN-0108,spike_slab,-0.0004632100659485161,0.5049298406255994,0.24878175522725718,0.24628840414714334
2000-04-17,SYN-0108,online_mixture,-0.00011420154022800943,0.5049298406255994,0.24878175522725718,0.24628840414714334
2000-04-18,SYN-0109,uniform,-3.552713678800501e-15,0.5048948160699992,0.24880093628300706,0.24630424764699368
2000-04-18,SYN-0109,sparse_single_ball,-0.0028996455569867408,0.5048948160699992,0.24880093628300706,0.24630424764699368
2000-04-18,SYN-0109,spike_slab,-0.005084173657852631,0.5048948160699992,0.24880093628300706,0.24630424764699368
2000-04-18,SYN-0109,online_mixture,-0.0019714071526699684,0.5048948160699992,0.24880093628300706,0.24630424764699368
2000-04-19,SYN-0110,uniform,-3.552713678800501e-15,0.5050924924195365,0.2487558795830673,0.24615162799739626
2000-04-19,SYN-0110,sparse_single_ball,0.009269619312867405,0.5050924924195365,0.2487558795830673,0.24615162799739626
2000-04-19,SYN-0110,spike_slab,0.01440276699879206,0.5050924924195365,0.2487558795830673,0.24615162799739626
2000-04-19,SYN-0110,online_mixture,0.005870247385548311,0.5050924924195365,0.2487558795830673,0.24615162799739626
2000-04-20,SYN-0111,uniform,-3.552713678800501e-15,0.5043100531640303,0.24897858245407037,0.2467113643818993
2000-04-20,SYN-0111,sparse_single_ball,-0.00199308387191266,0.5043100531640303,0.24897858245407037,0.2467113643818993
2000-04-20,SYN-0111,spike_slab,-0.003730604906831303,0.5043100531640303,0.24897858245407037,0.2467113643818993
2000-04-20,SYN-0111,online_mixture,-0.0014154101943724129,0.5043100531640303,0.24897858245407037,0.2467113643818993
2000-04-21,SYN-0112,uniform,-3.552713678800501e-15,0.5044437638594634,0.2489532574787741,0.24660297866176242
2000-04-21,SYN-0112,sparse_single_ball,0.005234603369341784,0.5044437638594634,0.2489532574787741,0.24660297866176242
2000-04-21,SYN-0112,spike_slab,0.007768699079761632,0.5044437638594634,0.2489532574787741,0.24660297866176242
2000-04-21,SYN-0112,online_mixture,0.003224628821602238,0.5044437638594634,0.2489532574787741,0.24660297866176242
2000-04-22,SYN-0113,uniform,-3.552713678800501e-15,0.5039974248921525,0.2490878647838009,0.24691471032404658
2000-04-22,SYN-0113,sparse_single_ball,0.0073124139517162234,0.5039974248921525,0.2490878647838009,0.24691471032404658
2000-04-22,SYN-0113,spike_slab,0.011114067578890996,0.5039974248921525,0.2490878647838009,0.24691471032404658
2000-04-22,SYN-0113,online_mixture,0.004577151410636304,0.5039974248921525,0.2490878647838009,0.24691471032404658
2000-04-23,SYN-0114,uniform,-3.552713678800501e-15,0.5033879001492062,0.2492662024045253,0.24734589744626853
2000-04-23,SYN-0114,sparse_single_ball,0.007854094577584902,0.5033879001492062,0.2492662024045253,0.24734589744626853
2000-04-23,SYN-0114,spike_slab,0.011991214666991823,0.5033879001492062,0.2492662024045253,0.24734589744626853
2000-04-23,SYN-0114,online_mixture,0.0049370930721366335,0.5033879001492062,0.2492662024045253,0.24734589744626853
2000-04-24,SYN-0115,uniform,-3.552713678800501e-15,0.5027405420488742,0.24945418416285947,0.24780527378826636
2000-04-24,SYN-0115,sparse_single_ball,0.003104722849787578,0.5027405420488742,0.24945418416285947,0.24780527378826636
2000-04-24,SYN-0115,spike_slab,0.004103041735401547,0.5027405420488742,0.24945418416285947,0.24780527378826636
2000-04-24,SYN-0115,online_mixture,0.0017929255124080612,0.5027405420488742,0.24945418416285947,0.24780527378826636
2000-04-25,SYN-0116,uniform,-3.552713678800501e-15,0.502490253061712,0.24954072385906476,0.24796902307922322
2000-04-25,SYN-0116,sparse_single_ball,0.0044756526682796505,0.502490253061712,0.24954072385906476,0.24796902307922322
2000-04-25,SYN-0116,spike_slab,0.006148102465321159,0.502490253061712,0.24954072385906476,0.24796902307922322
2000-04-25,SYN-0116,online_mixture,0.002645094416305227,0.502490253061712,0.24954072385906476,0.24796902307922322
2000-04-26,SYN-0117,uniform,-3.552713678800501e-15,0.5021368432677489,0.2496585715771321,0.24820458515511903
2000-04-26,SYN-0117,sparse_single_ball,0.00890987937361487,0.5021368432677489,0.2496585715771321,0.24820458515511903
2000-04-26,SYN-0117,spike_slab,0.013431003257529994,0.5021368432677489,0.2496585715771321,0.24820458515511903
2000-04-26,SYN-0117,online_mixture,0.005574922346113453,0.5021368432677489,0.2496585715771321,0.24820458515511903
2000-04-27,SYN-0118,uniform,-3.552713678800501e-15,0.5014246816912732,0.24986892242473857,0.24870639588398818
2000-04-27,SYN-0118,sparse_single_ball,0.01055937976771304,0.5014246816912732,0.24986892242473857,0.24870639588398818
2000-04-27,SYN-0118,spike_slab,0.01611624885914864,0.5014246816912732,0.24986892242473857,0.24870639588398818
2000-04-27,SYN-0118,online_mixture,0.0066708278007716615,0.5014246816912732,0.24986892242473857,0.24870639588398818
2000-04-28,SYN-0119,uniform,-3.552713678800501e-15,0.5005855023061107,0.25011194962402494,0.24930254806986443
2000-04-28,SYN-0119,sparse_single_ball,-0.0532332961336337,0.5005855023061107,0.25011194962402494,0.24930254806986443
2000-04-28,SYN-0119,spike_slab,-0.0781400856775889,0.5005855023061107,0.25011194962402494,0.24930254806986443
2000-04-28,SYN-0119,online_mixture,-0.032218452989368984,0.5005855023061107,0.25011194962402494,0.24930254806986443
2000-04-29,SYN-0120,uniform,-3.552713678800501e-15,0.504641427184783,0.24883996899966665,0.24651860381555038
2000-04-29,SYN-0120,sparse_single_ball,0.003448302321007901,0.504641427184783,0.24883996899966665,0.24651860381555038
2000-04-29,SYN-0120,spike_slab,0.005128919143231769,0.504641427184783,0.24883996899966665,0.24651860381555038
2000-04-29,SYN-0120,online_mixture,0.002124919328156949,0.504641427184783,0.24883996899966665,0.24651860381555038
2000-04-30,SYN-0121,uniform,-3.552713678800501e-15,0.5043299148719957,0.2489332012925087,0.24673688383549552
2000-04-30,SYN-0121,sparse_single_ball,-0.003184410393963333,0.5043299148719957,0.2489332012925087,0.24673688383549552
2000-04-30,SYN-0121,spike_slab,-0.0055515365223755,0.5043299148719957,0.2489332012925087,0.24673688383549552
2000-04-30,SYN-0121,online_mixture,-0.00215974892948978,0.5043299148719957,0.2489332012925087,0.24673688383549552
2000-05-01,SYN-0122,uniform,-3.552713678800501e-15,0.5045565272066175,0.2488808728737009,0.24656259991968169
2000-05-01,SYN-0122,sparse_single_ball,0.0009529346571781616,0.5045565272066175,0.2488808728737009,0.24656259991968169
2000-05-01,SYN-0122,spike_slab,0.00098155757833851,0.5045565272066175,0.2488808728737009,0.24656259991968169
2000-05-01,SYN-0122,online_mixture,0.00047929956858183687,0.5045565272066175,0.2488808728737009,0.24656259991968169
2000-05-02,SYN-0123,uniform,-3.552713678800501e-15,0.504451122627244,0.24892124625862394,0.24662763111413194
2000-05-02,SYN-0123,sparse_single_ball,0.007843760144425005,0.504451122627244,0.24892124625862394,0.24662763111413194
2000-05-02,SYN-0123,spike_slab,0.012058058505409974,0.504451122627244,0.24892124625862394,0.24662763111413194
2000-05-02,SYN-0123,online_mixture,0.00493978725244304,0.504451122627244,0.24892124625862394,0.24662763111413194
2000-05-03,SYN-0124,uniform,-3.552713678800501e-15,0.5037915102623786,0.24911162911511328,0.2470968606225082
2000-05-03,SYN-0124,sparse_single_ball,0.002436395111555356,0.5037915102623786,0.24911162911511328,0.2470968606225082
2000-05-03,SYN-0124,spike_slab,0.0032413937450002095,0.5037915102623786,0.24911162911511328,0.2470968606225082
2000-05-03,SYN-0124,online_mixture,0.0014089190296360243,0.5037915102623786,0.24911162911511328,0.2470968606225082
2000-05-04,SYN-0125,uniform,-3.552713678800501e-15,0.5035780480651468,0.2491839185331421,0.24723803340171105
2000-05-04,SYN-0125,sparse_single_ball,-0.031082674643535313,0.5035780480651468,0.2491839185331421,0.24723803340171105
2000-05-04,SYN-0125,spike_slab,-0.04545117694341272,0.5035780480651468,0.2491839185331421,0.24723803340171105
2000-05-04,SYN-0125,online_mixture,-0.018787260091386315,0.5035780480651468,0.2491839185331421,0.24723803340171105
2000-05-05,SYN-0126,uniform,-3.552713678800501e-15,0.505907671921811,0.24844395115051587,0.24564837692767305
2000-05-05,SYN-0126,sparse_single_ball,0.001706685391795304,0.505907671921811,0.24844395115051587,0.24564837692767305
2000-05-05,SYN-0126,spike_slab,0.0024387055080268283,0.505907671921811,0.24844395115051587,0.24564837692767305
2000-05-05,SYN-0126,online_mixture,0.001023648705963609,0.505907671921811,0.24844395115051587,0.24564837692767305
2000-05-06,SYN-0127,uniform,-3.552713678800501e-15,0.5057204917686173,0.24850154131302452,0.24577796691835813
2000-05-06,SYN-0127,sparse_single_ball,-0.007629819316136377,0.5057204917686173,0.24850154131302452,0.24577796691835813
2000-05-06,SYN-0127,spike_slab,-0.012093266275766013,0.5057204917686173,0.24850154131302452,0.24577796691835813
2000-05-06,SYN-0127,online_mixture,-0.004854931671939511,0.5057204917686173,0.24850154131302452,0.24577796691835813
2000-05-07,SYN-0128,uniform,-3.552713678800501e-15,0.5062725817448109,0.24834653327141554,0.2453808849837735
2000-05-07,SYN-0128,sparse_single_ball,0.008533066280847379,0.5062725817448109,0.24834653327141554,0.2453808849837735
2000-05-07,SYN-0128,spike_slab,0.013139140625238355,0.5062725817448109,0.24834653327141554,0.2453808849837735
2000-05-07,SYN-0128,online_mixture,0.005359206360289193,0.5062725817448109,0.24834653327141554,0.2453808849837735
2000-05-08,SYN-0129,uniform,-3.552713678800501e-15,0.5055402813927204,0.24855896527764385,0.24590075332963574
2000-05-08,SYN-0129,sparse_single_ball,0.008201901683214885,0.5055402813927204,0.24855896527764385,0.24590075332963574
2000-05-08,SYN-0129,spike_slab,0.012696876455443373,0.5055402813927204,0.24855896527764385,0.24590075332963574
2000-05-08,SYN-0129,online_mixture,0.005175699013875601,0.5055402813927204,0.24855896527764385,0.24590075332963574
2000-05-09,SYN-0130,uniform,-3.552713678800501e-15,0.5048391014932133,0.24876029978797795,0.2464005987188087
2000-05-09,SYN-0130,sparse_single_ball,-0.01814869638265293,0.5048391014932133,0.24876029978797795,0.2464005987188087
2000-05-09,SYN-0130,spike_slab,-0.026998245949595656,0.5048391014932133,0.24876029978797795,0.2464005987188087
2000-05-09,SYN-0130,online_mixture,-0.011098702861357168,0.5048391014932133,0.24876029978797795,0.2464005987188087
2000-05-10,SYN-0131,uniform,-3.552713678800501e-15,0.5061858154169683,0.24834217402710657,0.24547201055592505
2000-05-10,SYN-0131,sparse_single_ball,-0.002401050964021323,0.5061858154169683,0.24834217402710657,0.24547201055592505
2000-05-10,SYN-0131,spike_slab,-0.0039002039220115137,0.5061858154169683,0.24834217402710657,0.24547201055592505
2000-05-10,SYN-0131,online_mixture,-0.0015522974407744528,0.5061858154169683,0.24834217402710657,0.24547201055592505
2000-05-11,SYN-0132,uniform,-3.552713678800501e-15,0.50631859766577,0.24830665285098505,0.24537474948324492
2000-05-11,SYN-0132,sparse_single_ball,0.0015238675940381086,0.50631859766577,0.24830665285098505,0.24537474948324492
2000-05-11,SYN-0132,spike_slab,0.0021962184962482922,0.50631859766577,0.24830665285098505,0.24537474948324492
2000-05-11,SYN-0132,online_mixture,0.0009177424232440501,0.50631859766577,0.24830665285098505,0.24537474948324492
2000-05-12,SYN-0133,uniform,-3.552713678800501e-15,0.5061404622097887,0.24836086028879611,0.24549867750141513
2000-05-12,SYN-0133,sparse_single_ball,0.0010917320063263958,0.5061404622097887,0.24836086028879611,0.24549867750141513
2000-05-12,SYN-0133,spike_slab,0.0014824395623307396,0.5061404622097887,0.24836086028879611,0.24549867750141513
2000-05-12,SYN-0133,online_mixture,0.0006352965612350658,0.5061404622097887,0.24836086028879611,0.24549867750141513
2000-05-13,SYN-0134,uniform,-3.552713678800501e-15,0.505999500757574,0.24840532002420515,0.24559517921822083
2000-05-13,SYN-0134,sparse_single_ball,0.005930859585905779,0.505999500757574,0.24840532002420515,0.24559517921822083
2000-05-13,SYN-0134,spike_slab,0.009112847458105477,0.505999500757574,0.24840532002420515,0.24559517921822083
2000-05-13,SYN-0134,online_mixture,0.0037190105165478826,0.505999500757574,0.24840532002420515,0.24559517921822083
2000-05-14,SYN-0135,uniform,-3.552713678800501e-15,0.505474693311119,0.24855764405598052,0.24596766263290037
2000-05-14,SYN-0135,sparse_single_ball,0.0006047638500348285,0.505474693311119,0.24855764405598052,0.24596766263290037
2000-05-14,SYN-0135,spike_slab,0.0007087624839776652,0.505474693311119,0.24855764405598052,0.24596766263290037
2000-05-14,SYN-0135,online_mixture,0.0003247058642976697,0.505474693311119,0.24855764405598052,0.24596766263290037
2000-05-15,SYN-0136,uniform,-3.552713678800501e-15,0.5053793308204922,0.24858929934680477,0.24603136983270307
2000-05-15,SYN-0136,sparse_single_ball,0.009340869847527244,0.5053793308204922,0.24858929934680477,0.24603136983270307
2000-05-15,SYN-0136,spike_slab,0.01449160180906972,0.5053793308204922,0.24858929934680477,0.24603136983270307
2000-05-15,SYN-0136,online_mixture,0.005906787592408591,0.5053793308204922,0.24858929934680477,0.24603136983270307
2000-05-16,SYN-0137,uniform,-3.552713678800501e-15,0.5045890672132771,0.24881567609425048,0.2465952566924724
2000-05-16,SYN-0137,sparse_single_ball,0.006223773187695514,0.5045890672132771,0.24881567609425048,0.2465952566924724
2000-05-16,SYN-0137,spike_slab,0.009592020894221065,0.5045890672132771,0.24881567609425048,0.2465952566924724
2000-05-16,SYN-0137,online_mixture,0.003922425988644562,0.5045890672132771,0.24881567609425048,0.2465952566924724
2000-05-17,SYN-0138,uniform,-3.552713678800501e-15,0.5040543574287689,0.2489696745558148,0.2469759680154162
2000-05-17,SYN-0138,sparse_single_ball,0.0056119092975563944,0.5040543574287689,0.2489696745558148,0.2469759680154162
2000-05-17,SYN-0138,spike_slab,0.008593268165274282,0.5040543574287689,0.2489696745558148,0.2469759680154162
2000-05-17,SYN-0138,online_mixture,0.0035263738492581354,0.5040543574287689,0.2489696745558148,0.2469759680154162
2000-05-18,SYN-0139,uniform,-3.552713678800501e-15,0.5035747206083305,0.24910883866520475,0.24731644072646475
2000-05-18,SYN-0139,sparse_single_ball,0.009346375239385196,0.5035747206083305,0.24910883866520475,0.24731644072646475
2000-05-18,SYN-0139,spike_slab,0.014632918630169911,0.5035747206083305,0.24910883866520475,0.24731644072646475
2000-05-18,SYN-0139,online_mixture,0.00596691056520271,0.5035747206083305,0.24910883866520475,0.24731644072646475
2000-05-19,SYN-0140,uniform,-3.552713678800501e-15,0.5027976809930333,0.24932710844042255,0.24787521056654405
2000-05-19,SYN-0140,sparse_single_ball,-0.014243272098187987,0.5027976809930333,0.24932710844042255,0.24787521056654405
2000-05-19,SYN-0140,spike_slab,-0.021798816756160022,0.5027976809930333,0.24932710844042255,0.24787521056654405
2000-05-19,SYN-0140,online_mixture,-0.008910562505331399,0.5027976809930333,0.24932710844042255,0.24787521056654405
2000-05-20,SYN-0141,uniform,-3.552713678800501e-15,0.5038839125449399,0.2490070192652592,0.24710906818980094
2000-05-20,SYN-0141,sparse_single_ball,0.005652016531833226,0.5038839125449399,0.2490070192652592,0.24710906818980094
2000-05-20,SYN-0141,spike_slab,0.008704021891269065,0.5038839125449399,0.2490070192652592,0.24710906818980094
2000-05-20,SYN-0141,online_mixture,0.0035652439994109386,0.5038839125449399,0.2490070192652592,0.24710906818980094
2000-05-21,SYN-0142,uniform,-3.552713678800501e-15,0.5034013004970856,0.24914591301033598,0.24745278649257832
2000-05-21,SYN-0142,sparse_single_ball,0.005834070507081179,0.5034013004970856,0.24914591301033598,0.24745278649257832
2000-05-21,SYN-0142,spike_slab,0.008971549348434138,0.5034013004970856,0.24914591301033598,0.24745278649257832
2000-05-21,SYN-0142,online_mixture,0.0036810231166342078,0.5034013004970856,0.24914591301033598,0.24745278649257832
2000-05-22,SYN-0143,uniform,-3.552713678800501e-15,0.5029095689677684,0.2492875992161341,0.24780283181609764
2000-05-22,SYN-0143,sparse_single_ball,0.003428912803922657,0.5029095689677684,0.2492875992161341,0.24780283181609764
2000-05-22,SYN-0143,spike_slab,0.005147811914419265,0.5029095689677684,0.2492875992161341,0.24780283181609764
2000-05-22,SYN-0143,online_mixture,0.0021329077387370887,0.5029095689677684,0.2492875992161341,0.24780283181609764
2000-05-23,SYN-0144,uniform,-3.552713678800501e-15,0.5026152921622822,0.24937481278027535,0.2480098950574424
2000-05-23,SYN-0144,sparse_single_ball,-0.021460538624335612,0.5026152921622822,0.24937481278027535,0.2480098950574424
2000-05-23,SYN-0144,spike_slab,-0.03227791746101616,0.5026152921622822,0.24937481278027535,0.2480098950574424
2000-05-23,SYN-0144,online_mixture,-0.013259648456344308,0.5026152921622822,0.24937481278027535,0.2480098950574424
2000-05-24,SYN-0145,uniform,-3.552713678800501e-15,0.5042504472322185,0.24887991624224476,0.2468696365255366
2000-05-24,SYN-0145,sparse_single_ball,0.008828677713264454,0.5042504472322185,0.24887991624224476,0.2468696365255366
2000-05-24,SYN-0145,spike_slab,0.013870952010851312,0.5042504472322185,0.24887991624224476,0.2468696365255366
2000-05-24,SYN-0145,online_mixture,0.005639254530350968,0.5042504472322185,0.24887991624224476,0.2468696365255366
2000-05-25,SYN-0146,uniform,-3.552713678800501e-15,0.5035062990936953,0.2490884732993488,0.2474052276069559
2000-05-25,SYN-0146,sparse_single_ball,0.006432729951583838,0.5035062990936953,0.2490884732993488,0.2474052276069559
2000-05-25,SYN-0146,spike_slab,0.010076348032530547,0.5035062990936953,0.2490884732993488,0.2474052276069559
2000-05-25,SYN-0146,online_mixture,0.004104591562590798,0.5035062990936953,0.2490884732993488,0.2474052276069559
2000-05-26,SYN-0147,uniform,-3.552713678800501e-15,0.5029608645883118,0.24924159042564525,0.24779754498604287
2000-05-26,SYN-0147,sparse_single_ball,0.0019162223590747374,0.5029608645883118,0.24924159042564525,0.24779754498604287
2000-05-26,SYN-0147,spike_slab,0.0027180543047364836,0.5029608645883118,0.24924159042564525,0.24779754498604287
2000-05-26,SYN-0147,online_mixture,0.0011518399299994542,0.5029608645883118,0.24924159042564525,0.24779754498604287
2000-05-27,SYN-0148,uniform,-3.552713678800501e-15,0.5027879586191962,0.2492963645859524,0.24791567679485138
2000-05-27,SYN-0148,sparse_single_ball,0.014852509571621653,0.5027879586191962,0.2492963645859524,0.24791567679485138
2000-05-27,SYN-0148,spike_slab,0.023792259820325512,0.5027879586191962,0.2492963645859524,0.24791567679485138
2000-05-27,SYN-0148,online_mixture,0.00965277503505746,0.5027879586191962,0.2492963645859524,0.24791567679485138
2000-05-28,SYN-0149,uniform,-3.552713678800501e-15,0.5015651433444048,0.24962683022967144,0.2488080264259237
2000-05-28,SYN-0149,sparse_single_ball,-0.012493987807225437,0.5015651433444048,0.24962683022967144,0.2488080264259237
2000-05-28,SYN-0149,spike_slab,-0.020452189989608627,0.5015651433444048,0.24962683022967144,0.2488080264259237
2000-05-28,SYN-0149,online_mixture,-0.008169698177546536,0.5015651433444048,0.24962683022967144,0.2488080264259237
2000-05-29,SYN-0150,uniform,-3.552713678800501e-15,0.5025682193867461,0.2493652897696879,0.24806649084356602
2000-05-29,SYN-0150,sparse_single_ball,-0.019363277393829037,0.5025682193867461,0.2493652897696879,0.24806649084356602
2000-05-29,SYN-0150,spike_slab,-0.030308523079469296,0.5025682193867461,0.2493652897696879,0.24806649084356602
2000-05-29,SYN-0150,online_mixture,-0.012262695573674876,0.5025682193867461,0.2493652897696879,0.24806649084356602
2000-05-30,SYN-0151,uniform,-3.552713678800501e-15,0.5040780728369872,0.2489376895215505,0.24698423764146224
2000-05-30,SYN-0151,sparse_single_ball,0.00483256446189273,0.5040780728369872,0.2489376895215505,0.24698423764146224
2000-05-30,SYN-0151,spike_slab,0.007348313948153162,0.5040780728369872,0.2489376895215505,0.24698423764146224
2000-05-30,SYN-0151,online_mixture,0.00302294758624555,0.5040780728369872,0.2489376895215505,0.24698423764146224
2000-05-31,SYN-0152,uniform,-3.552713678800501e-15,0.5036607633097098,0.24906006430863387,0.2472791723816563
2000-05-31,SYN-0152,sparse_single_ball,-0.0020137634271222282,0.5036607633097098,0.24906006430863387,0.2472791723816563
2000-05-31,SYN-0152,spike_slab,-0.0035247156441045036,0.5036607633097098,0.24906006430863387,0.2472791723816563
2000-05-31,SYN-0152,online_mixture,-0.0013720387219180452,0.5036607633097098,0.24906006430863387,0.2472791723816563
2000-06-01,SYN-0153,uniform,-3.552713678800501e-15,0.5037953206187529,0.24902996016574183,0.24717471921550532
2000-06-01,SYN-0153,sparse_single_ball,0.005181863323045377,0.5037953206187529,0.24902996016574183,0.24717471921550532
2000-06-01,SYN-0153,spike_slab,0.007900944634020135,0.5037953206187529,0.24902996016574183,0.24717471921550532
2000-06-01,SYN-0153,online_mixture,0.0032491532811214086,0.5037953206187529,0.24902996016574183,0.24717471921550532
2000-06-02,SYN-0154,uniform,-3.552713678800501e-15,0.5033529391499244,0.24915908004028758,0.24748798080978798
2000-06-02,SYN-0154,sparse_single_ball,0.003667896860619635,0.5033529391499244,0.24915908004028758,0.24748798080978798
2000-06-02,SYN-0154,spike_slab,0.005414376976293767,0.5033529391499244,0.24915908004028758,0.24748798080978798
2000-06-02,SYN-0154,online_mixture,0.0022566471361571416,0.5033529391499244,0.24915908004028758,0.24748798080978798
2000-06-03,SYN-0155,uniform,-3.552713678800501e-15,0.5030386144072249,0.2492546598410474,0.24770672575172772
2000-06-03,SYN-0155,sparse_single_ball,0.004077264260672564,0.5030386144072249,0.2492546598410474,0.24770672575172772
2000-06-03,SYN-0155,spike_slab,0.00604075938063886,0.5030386144072249,0.2492546598410474,0.24770672575172772
2000-06-03,SYN-0155,online_mixture,0.0025160491886033753,0.5030386144072249,0.2492546598410474,0.24770672575172772
2000-06-04,SYN-0156,uniform,-3.552713678800501e-15,0.5026953940568442,0.24935860323885875,0.247946002704297
2000-06-04,SYN-0156,sparse_single_ball,-0.0003868210690249896,0.5026953940568442,0.24935860323885875,0.247946002704297
2000-06-04,SYN-0156,spike_slab,-0.0012542051988759795,0.5026953940568442,0.24935860323885875,0.247946002704297
2000-06-04,SYN-0156,online_mixture,-0.00040730167792091265,0.5026953940568442,0.24935860323885875,0.247946002704297
2000-06-05,SYN-0157,uniform,-3.552713678800501e-15,0.5027191301860906,0.2493662872433631,0.2479145825705462
2000-06-05,SYN-0157,sparse_single_ball,-0.0021825242894912833,0.5027191301860906,0.2493662872433631,0.2479145825705462
2000-06-05,SYN-0157,spike_slab,-0.0040187434282685786,0.5027191301860906,0.2493662872433631,0.2479145825705462
2000-06-05,SYN-0157,online_mixture,-0.0015391441997607558,0.5027191301860906,0.2493662872433631,0.2479145825705462
2000-06-06,SYN-0158,uniform,-3.552713678800501e-15,0.5028836121638949,0.24933298453208555,0.24778340330401952
2000-06-06,SYN-0158,sparse_single_ball,0.008226025330738906,0.5028836121638949,0.24933298453208555,0.24778340330401952
2000-06-06,SYN-0158,spike_slab,0.012554447499482535,0.5028836121638949,0.24933298453208555,0.24778340330401952
2000-06-06,SYN-0158,online_mixture,0.0051764503156839226,0.5028836121638949,0.24933298453208555,0.24778340330401952
2000-06-07,SYN-0159,uniform,-3.552713678800501e-15,0.5022122782777221,0.24952859394898622,0.24825912777329168
2000-06-07,SYN-0159,sparse_single_ball,-0.011599961224050048,0.5022122782777221,0.24952859394898622,0.24825912777329168
2000-06-07,SYN-0159,spike_slab,-0.018619837925378135,0.5022122782777221,0.24952859394898622,0.24825912777329168
2000-06-07,SYN-0159,online_mixture,-0.007485520372878085,0.5022122782777221,0.24952859394898622,0.24825912777329168
2000-06-08,SYN-0160,uniform,-3.552713678800501e-15,0.503124404196269,0.24928079707622822,0.24759479872750276
2000-06-08,SYN-0160,sparse_single_ball,0.003235306627434653,0.503124404196269,0.24928079707622822,0.24759479872750276
2000-06-08,SYN-0160,spike_slab,0.004454780745327014,0.503124404196269,0.24928079707622822,0.24759479872750276
2000-06-08,SYN-0160,online_mixture,0.0019114188969595602,0.503124404196269,0.24928079707622822,0.24759479872750276
2000-06-09,SYN-0161,uniform,-3.552713678800501e-15,0.5028553818071965,0.24936977225504425,0.24777484593775934
2000-06-09,SYN-0161,sparse_single_ball,0.009755049934536686,0.5028553818071965,0.24936977225504425,0.24777484593775934
2000-06-09,SYN-0161,spike_slab,0.01483438377993096,0.5028553818071965,0.24936977225504425,0.24777484593775934
2000-06-09,SYN-0161,online_mixture,0.006128684582211719,0.5028553818071965,0.24936977225504425,0.24777484593775934
2000-06-10,SYN-0162,uniform,-3.552713678800501e-15,0.5020665653607864,0.24960094084448034,0.2483324937947333
2000-06-10,SYN-0162,sparse_single_ball,0.0047681737857061535,0.5020665653607864,0.24960094084448034,0.2483324937947333
2000-06-10,SYN-0162,spike_slab,0.006716002550287925,0.5020665653607864,0.24960094084448034,0.2483324937947333
2000-06-10,SYN-0162,online_mixture,0.0028622969941523024,0.5020665653607864,0.24960094084448034,0.2483324937947333
2000-06-11,SYN-0163,uniform,-3.552713678800501e-15,0.5016907592505141,0.24972289924393662,0.24858634150554923
2000-06-11,SYN-0163,sparse_single_ball,0.008677709024134117,0.5016907592505141,0.24972289924393662,0.24858634150554923
2000-06-11,SYN-0163,spike_slab,0.013002601439467298,0.5016907592505141,0.24972289924393662,0.24858634150554923
2000-06-11,SYN-0163,online_mixture,0.005415138396376307,0.5016907592505141,0.24972289924393662,0.24858634150554923
2000-06-12,SYN-0164,uniform,-3.552713678800501e-15,0.5010033910695533,0.24992813555472387,0.24906847337572277
2000-06-12,SYN-0164,sparse_single_ball,0.00654257661930302,0.5010033910695533,0.24992813555472387,0.24906847337572277
2000-06-12,SYN-0164,spike_slab,0.009429285217457561,0.5010033910695533,0.24992813555472387,0.24906847337572277
2000-06-12,SYN-0164,online_mixture,0.003992200413524216,0.5010033910695533,0.24992813555472387,0.24906847337572277
2000-06-13,SYN-0165,uniform,-3.552713678800501e-15,0.5004993665919919,0.2500870577628556,0.24941357564515237
2000-06-13,SYN-0165,sparse_single_ball,-0.004763750945624423,0.5004993665919919,0.2500870577628556,0.24941357564515237
2000-06-13,SYN-0165,spike_slab,-0.009450241946385773,0.5004993665919919,0.2500870577628556,0.24941357564515237
2000-06-13,SYN-0165,online_mixture,-0.0035406966168238796,0.5004993665919919,0.2500870577628556,0.24941357564515237
2000-06-14,SYN-0166,uniform,-3.552713678800501e-15,0.5009338794304201,0.2500108520201601,0.2490552685494198
2000-06-14,SYN-0166,sparse_single_ball,0.01026188995605537,0.5009338794304201,0.2500108520201601,0.2490552685494198
2000-06-14,SYN-0166,spike_slab,0.01526844011971562,0.5009338794304201,0.2500108520201601,0.2490552685494198
2000-06-14,SYN-0166,online_mixture,0.00639019630908777,0.5009338794304201,0.2500108520201601,0.2490552685494198
2000-06-15,SYN-0167,uniform,-3.552713678800501e-15,0.5001349452295677,0.2502514496217729,0.24961360514865927
2000-06-15,SYN-0167,sparse_single_ball,0.0016503460265759884,0.5001349452295677,0.2502514496217729,0.24961360514865927
2000-06-15,SYN-0167,spike_slab,0.0007203527453505387,0.5001349452295677,0.2502514496217729,0.24961360514865927
2000-06-15,SYN-0167,online_mixture,0.0005930412116121886,0.5001349452295677,0.2502514496217729,0.24961360514865927
2000-06-16,SYN-0168,uniform,-3.552713678800501e-15,0.5000602139010176,0.2503144409985338,0.2496253451004487
2000-06-16,SYN-0168,sparse_single_ball,-0.05805825288074473,0.5000602139010176,0.2503144409985338,0.2496253451004487
2000-06-16,SYN-0168,spike_slab,-0.08312921570403375,0.5000602139010176,0.2503144409985338,0.2496253451004487
2000-06-16,SYN-0168,online_mixture,-0.03462358629839457,0.5000602139010176,0.2503144409985338,0.2496253451004487
2000-06-17,SYN-0169,uniform,-3.552713678800501e-15,0.5044251967205736,0.248894187058852,0.2466806162205744
2000-06-17,SYN-0169,sparse_single_ball,-0.009870787818513804,0.5044251967205736,0.248894187058852,0.2466806162205744
2000-06-17,SYN-0169,spike_slab,-0.015347589226912817,0.5044251967205736,0.248894187058852,0.2466806162205744
2000-06-17,SYN-0169,online_mixture,-0.006221055224774119,0.5044251967205736,0.248894187058852,0.2466806162205744
2000-06-18,SYN-0170,uniform,-3.552713678800501e-15,0.5051602509171068,0.24868151995836915,0.2461582291245241
2000-06-18,SYN-0170,sparse_single_ball,0.005540084664200862,0.5051602509171068,0.24868151995836915,0.2461582291245241
2000-06-18,SYN-0170,spike_slab,0.007980017895658165,0.5051602509171068,0.24868151995836915,0.2461582291245241
2000-06-18,SYN-0170,online_mixture,0.0033481345289239073,0.5051602509171068,0.24868151995836915,0.2461582291245241
2000-06-19,SYN-0171,uniform,-3.552713678800501e-15,0.5046907846105758,0.24882993376562001,0.24647928162380414
2000-06-19,SYN-0171,sparse_single_ball,-0.0013883516366561821,0.5046907846105758,0.24882993376562001,0.24647928162380414
2000-06-19,SYN-0171,spike_slab,-0.002673565173090253,0.5046907846105758,0.24882993376562001,0.24647928162380414
2000-06-19,SYN-0171,online_mixture,-0.0010038257057374267,0.5046907846105758,0.24882993376562001,0.24647928162380414
2000-06-20,SYN-0172,uniform,-3.552713678800501e-15,0.5047693390772775,0.24881798283562276,0.2464126780870996
2000-06-20,SYN-0172,sparse_single_ball,-0.038733889184047854,0.5047693390772775,0.24881798283562276,0.2464126780870996
2000-06-20,SYN-0172,spike_slab,-0.055580911075555406,0.5047693390772775,0.24881798283562276,0.2464126780870996
2000-06-20,SYN-0172,online_mixture,-0.02303897528545562,0.5047693390772775,0.24881798283562276,0.2464126780870996
2000-06-21,SYN-0173,uniform,-3.552713678800501e-15,0.5076359669997454,0.2478787114320587,0.24448532156819577
2000-06-21,SYN-0173,sparse_single_ball,-0.005375089473091066,0.5076359669997454,0.2478787114320587,0.24448532156819577
2000-06-21,SYN-0173,spike_slab,-0.008398688924025066,0.5076359669997454,0.2478787114320587,0.24448532156819577
2000-06-21,SYN-0173,online_mixture,-0.0033792566182881956,0.5076359669997454,0.2478787114320587,0.24448532156819577
2000-06-22,SYN-0174,uniform,-3.552713678800501e-15,0.5079849663036555,0.247777808070005,0.2442372256263394
2000-06-22,SYN-0174,sparse_single_ball,0.007171855610568656,0.5079849663036555,0.247777808070005,0.2442372256263394
2000-06-22,SYN-0174,spike_slab,0.010534494197290911,0.5079849663036555,0.247777808070005,0.2442372256263394
2000-06-22,SYN-0174,online_mixture,0.004360409328597825,0.5079849663036555,0.247777808070005,0.2442372256263394
2000-06-23,SYN-0175,uniform,-3.552713678800501e-15,0.5073581832931648,0.24797298435648885,0.2446688323503463
2000-06-23,SYN-0175,sparse_single_ball,0.006236092771196411,0.5073581832931648,0.24797298435648885,0.2446688323503463
2000-06-23,SYN-0175,spike_slab,0.009120806804205017,0.5073581832931648,0.24797298435648885,0.2446688323503463
2000-06-23,SYN-0175,online_mixture,0.0037858240364840867,0.5073581832931648,0.24797298435648885,0.2446688323503463
2000-06-24,SYN-0176,uniform,-3.552713678800501e-15,0.5068101760824081,0.24814404393706174,0.24504577998053007
2000-06-24,SYN-0176,sparse_single_ball,-0.007712470908209923,0.5068101760824081,0.24814404393706174,0.24504577998053007
2000-06-24,SYN-0176,spike_slab,-0.011591993915725851,0.5068101760824081,0.24814404393706174,0.24504577998053007
2000-06-24,SYN-0176,online_mixture,-0.004741836026848745,0.5068101760824081,0.24814404393706174,0.24504577998053007
2000-06-25,SYN-0177,uniform,-3.552713678800501e-15,0.5073384023823886,0.24798080473667986,0.24468079288093159
2000-06-25,SYN-0177,sparse_single_ball,0.0006803562966553045,0.5073384023823886,0.24798080473667986,0.24468079288093159
2000-06-25,SYN-0177,spike_slab,0.0005793592699667727,0.5073384023823886,0.24798080473667986,0.24468079288093159
2000-06-25,SYN-0177,online_mixture,0.00031052364866823723,0.5073384023823886,0.24798080473667986,0.24468079288093159
2000-06-26,SYN-0178,uniform,-3.552713678800501e-15,0.507226033313437,0.24802369862341403,0.244750268063149
2000-06-26,SYN-0178,sparse_single_ball,0.00589836014581735,0.507226033313437,0.24802369862341403,0.244750268063149
2000-06-26,SYN-0178,spike_slab,0.008499359901694703,0.507226033313437,0.24802369862341403,0.244750268063149
2000-06-26,SYN-0178,online_mixture,0.0035500332014031244,0.507226033313437,0.24802369862341403,0.244750268063149
2000-06-27,SYN-0179,uniform,-3.552713678800501e-15,0.5067089522428262,0.24818797497592426,0.24510307278124951
2000-06-27,SYN-0179,sparse_single_ball,0.0032329552641279236,0.5067089522428262,0.24818797497592426,0.24510307278124951
2000-06-27,SYN-0179,spike_slab,0.004484473584241755,0.5067089522428262,0.24818797497592426,0.24510307278124951
2000-06-27,SYN-0179,online_mixture,0.0019034927736143459,0.5067089522428262,0.24818797497592426,0.24510307278124951
2000-06-28,SYN-0180,uniform,-3.552713678800501e-15,0.5064033852931713,0.24828786310653367,0.2453087516002949
2000-06-28,SYN-0180,sparse_single_ball,0.002338264011005009,0.5064033852931713,0.24828786310653367,0.2453087516002949
2000-06-28,SYN-0180,spike_slab,0.0030080554448623786,0.5064033852931713,0.24828786310653367,0.2453087516002949
2000-06-28,SYN-0180,online_mixture,0.0013193843529712979,0.5064033852931713,0.24828786310653367,0.2453087516002949
2000-06-29,SYN-0181,uniform,-3.552713678800501e-15,0.5061741002879326,0.24836764626243038,0.24545825344963698
2000-06-29,SYN-0181,sparse_single_ball,0.007063181759974668,0.5061741002879326,0.24836764626243038,0.24545825344963698
2000-06-29,SYN-0181,spike_slab,0.010200794323036888,0.5061741002879326,0.24836764626243038,0.24545825344963698
2000-06-29,SYN-0181,online_mixture,0.004268038163839805,0.5061741002879326,0.24836764626243038,0.24545825344963698
2000-06-30,SYN-0182,uniform,-3.552713678800501e-15,0.5055788823417899,0.24855630701964743,0.24586481063856266
2000-06-30,SYN-0182,sparse_single_ball,0.005082988394203625,0.5055788823417899,0.24855630701964743,0.24586481063856266
2000-06-30,SYN-0182,spike_slab,0.007130620866320214,0.5055788823417899,0.24855630701964743,0.24586481063856266
2000-06-30,SYN-0182,online_mixture,0.0030214901384510995,0.5055788823417899,0.24855630701964743,0.24586481063856266
2000-07-01,SYN-0183,uniform,-3.552713678800501e-15,0.5051456155887518,0.2486978220215133,0.24615656238973488
2000-07-01,SYN-0183,sparse_single_ball,-0.03234519281735615,0.5051456155887518,0.2486978220215133,0.24615656238973488
2000-07-01,SYN-0183,spike_slab,-0.04497458053938175,0.5051456155887518,0.2486978220215133,0.24615656238973488
2000-07-01,SYN-0183,online_mixture,-0.018918839813256483,0.5051456155887518,0.2486978220215133,0.24615656238973488
2000-07-02,SYN-0184,uniform,-3.552713678800501e-15,0.5074835346438964,0.24789482210090416,0.24462164325519944
2000-07-02,SYN-0184,sparse_single_ball,-0.006661174300791828,0.5074835346438964,0.24789482210090416,0.24462164325519944
2000-07-02,SYN-0184,spike_slab,-0.009883599523703879,0.5074835346438964,0.24789482210090416,0.24462164325519944
2000-07-02,SYN-0184,online_mixture,-0.004059846769493447,0.5074835346438964,0.24789482210090416,0.24462164325519944
2000-07-03,SYN-0185,uniform,-3.552713678800501e-15,0.5079197480229994,0.2477567454765813,0.2443235065004192
2000-07-03,SYN-0185,sparse_single_ball,0.0031563406428567475,0.5079197480229994,0.2477567454765813,0.2443235065004192
2000-07-03,SYN-0185,spike_slab,0.00444928562599145,0.5079197480229994,0.2477567454765813,0.2443235065004192
2000-07-03,SYN-0185,online_mixture,0.0018709757418093886,0.5079197480229994,0.2477567454765813,0.2443235065004192
2000-07-04,SYN-0186,uniform,-3.552713678800501e-15,0.5076055845462963,0.2478580966856587,0.2445363187680449
2000-07-04,SYN-0186,sparse_single_ball,-0.0050622643933913025,0.5076055845462963,0.2478580966856587,0.2445363187680449
2000-07-04,SYN-0186,spike_slab,-0.007768146131184039,0.5076055845462963,0.2478580966856587,0.2445363187680449
2000-07-04,SYN-0186,online_mixture,-0.0031487395458498213,0.5076055845462963,0.2478580966856587,0.2445363187680449
2000-07-05,SYN-0187,uniform,-3.552713678800501e-15,0.5079257940045693,0.24776241531477244,0.24431179068065834
2000-07-05,SYN-0187,sparse_single_ball,0.006884336413254033,0.5079257940045693,0.24776241531477244,0.24431179068065834
2000-07-05,SYN-0187,spike_slab,0.009978159628630578,0.5079257940045693,0.24776241531477244,0.24431179068065834
2000-07-05,SYN-0187,online_mixture,0.004152914142451891,0.5079257940045693,0.24776241531477244,0.24431179068065834
2000-07-06,SYN-0188,uniform,-3.552713678800501e-15,0.5073256277016908,0.24795277749638292,0.24472159480192618
2000-07-06,SYN-0188,sparse_single_ball,0.0037746953784854043,0.5073256277016908,0.24795277749638292,0.24472159480192618
2000-07-06,SYN-0188,spike_slab,0.005313810128420471,0.5073256277016908,0.24795277749638292,0.24472159480192618
2000-07-06,SYN-0188,online_mixture,0.0022390715585096643,0.5073256277016908,0.24795277749638292,0.24472159480192618
2000-07-07,SYN-0189,uniform,-3.552713678800501e-15,0.5069715614816738,0.24806763175773708,0.2449608067605892
2000-07-07,SYN-0189,sparse_single_ball,0.0033896431238211733,0.5069715614816738,0.24806763175773708,0.2449608067605892
2000-07-07,SYN-0189,spike_slab,0.004699428909688663,0.5069715614816738,0.24806763175773708,0.2449608067605892
2000-07-07,SYN-0189,online_mixture,0.0019941828316163424,0.5069715614816738,0.24806763175773708,0.2449608067605892
2000-07-08,SYN-0190,uniform,-3.552713678800501e-15,0.5066518890949429,0.2481727459621843,0.2451753649428729
2000-07-08,SYN-0190,sparse_single_ball,0.0018541641742473303,0.5066518890949429,0.2481727459621843,0.2451753649428729
2000-07-08,SYN-0190,spike_slab,0.002284600195217479,0.5066518890949429,0.2481727459621843,0.2451753649428729
2000-07-08,SYN-0190,online_mixture,0.0010208266651581255,0.5066518890949429,0.2481727459621843,0.2451753649428729
2000-07-09,SYN-0191,uniform,-3.552713678800501e-15,0.50645742994036,0.2482422348765562,0.24530033518308378
2000-07-09,SYN-0191,sparse_single_ball,0.00597015612120444,0.50645742994036,0.2482422348765562,0.24530033518308378
2000-07-09,SYN-0191,spike_slab,0.008519078246006728,0.50645742994036,0.2482422348765562,0.24530033518308378
2000-07-09,SYN-0191,online_mixture,0.0035787258283868084,0.50645742994036,0.2482422348765562,0.24530033518308378
2000-07-10,SYN-0192,uniform,-3.552713678800501e-15,0.5059451220234049,0.2484071062057973,0.24564777177079777
2000-07-10,SYN-0192,sparse_single_ball,-0.0007531932936117869,0.5059451220234049,0.2484071062057973,0.24564777177079777
2000-07-10,SYN-0192,spike_slab,-0.0017238755549016105,0.5059451220234049,0.2484071062057973,0.24564777177079777
2000-07-10,SYN-0192,online_mixture,-0.0006103157252503877,0.5059451220234049,0.2484071062057973,0.24564777177079777
2000-07-11,SYN-0193,uniform,-3.552713678800501e-15,0.5059621246248369,0.24841426256138296,0.24562361281378017
2000-07-11,SYN-0193,sparse_single_ball,0.006273903930534175,0.5059621246248369,0.24841426256138296,0.24562361281378017
2000-07-11,SYN-0193,spike_slab,0.008889020671944081,0.5059621246248369,0.24841426256138296,0.24562361281378017
2000-07-11,SYN-0193,online_mixture,0.0037494745358159776,0.5059621246248369,0.24841426256138296,0.24562361281378017
2000-07-12,SYN-0194,uniform,-3.552713678800501e-15,0.5054339056682958,0.24858572764207554,0.24598036668962864
2000-07-12,SYN-0194,sparse_single_ball,0.005284724685029829,0.5054339056682958,0.24858572764207554,0.24598036668962864
2000-07-12,SYN-0194,spike_slab,0.0073148255410160345,0.5054339056682958,0.24858572764207554,0.24598036668962864
2000-07-12,SYN-0194,online_mixture,0.0031182181845181844,0.5054339056682958,0.24858572764207554,0.24598036668962864
2000-07-13,SYN-0195,uniform,-3.552713678800501e-15,0.5049901336704204,0.24873344115046295,0.24627642517911663
2000-07-13,SYN-0195,sparse_single_ball,-0.03697975780880114,0.5049901336704204,0.24873344115046295,0.24627642517911663
2000-07-13,SYN-0195,spike_slab,-0.05115224781610195,0.5049901336704204,0.24873344115046295,0.24627642517911663
2000-07-13,SYN-0195,online_mixture,-0.02154128351245177,0.5049901336704204,0.24873344115046295,0.24627642517911663
2000-07-14,SYN-0196,uniform,-3.552713678800501e-15,0.507663803149951,0.24780922009291287,0.24452697675713608
2000-07-14,SYN-0196,sparse_single_ball,0.008547008003507273,0.507663803149951,0.24780922009291287,0.24452697675713608
2000-07-14,SYN-0196,spike_slab,0.012497072060906333,0.507663803149951,0.24780922009291287,0.24452697675713608
2000-07-14,SYN-0196,online_mixture,0.005188665952282179,0.507663803149951,0.24780922009291287,0.24452697675713608
2000-07-15,SYN-0197,uniform,-3.552713678800501e-15,0.5069370384782232,0.24803787077301495,0.24502509074876178
2000-07-15,SYN-0197,sparse_single_ball,0.001984931662573075,0.5069370384782232,0.24803787077301495,0.24502509074876178
2000-07-15,SYN-0197,spike_slab,0.002656393812952018,0.5069370384782232,0.24803787077301495,0.24502509074876178
2000-07-15,SYN-0197,online_mixture,0.0011439210503425556,0.5069370384782232,0.24803787077301495,0.24502509074876178
2000-07-16,SYN-0198,uniform,-3.552713678800501e-15,0.5067242301897955,0.2481091588299047,0.24516661098029977
2000-07-16,SYN-0198,sparse_single_ball,0.0016808661002869485,0.5067242301897955,0.2481091588299047,0.24516661098029977
2000-07-16,SYN-0198,spike_slab,0.0022110106903490134,0.5067242301897955,0.2481091588299047,0.24516661098029977
2000-07-16,SYN-0198,online_mixture,0.0009595941022801924,0.5067242301897955,0.2481091588299047,0.24516661098029977
2000-07-17,SYN-0199,uniform,-3.552713678800501e-15,0.506536701613728,0.24817238496037175,0.2452909134259002
2000-07-17,SYN-0199,sparse_single_ball,-0.025412915278383963,0.506536701613728,0.24817238496037175,0.2452909134259002
2000-07-17,SYN-0199,spike_slab,-0.03574348627124024,0.506536701613728,0.24817238496037175,0.2452909134259002
2000-07-17,SYN-0199,online_mixture,-0.01495124769290257,0.506536701613728,0.24817238496037175,0.2452909134259002
2000-07-18,SYN-0200,uniform,-3.552713678800501e-15,0.508360861660138,0.24755457134164588,0.24408456699821615
2000-07-18,SYN-0200,sparse_single_ball,-0.0013942627844834021,0.508360861660138,0.24755457134164588,0.24408456699821615
2000-07-18,SYN-0200,spike_slab,-0.0021960137889038833,0.508360861660138,0.24755457134164588,0.24408456699821615
2000-07-18,SYN-0200,online_mixture,-0.0008807283052263415,0.508360861660138,0.24755457134164588,0.24408456699821615
2000-07-19,SYN-0201,uniform,-3.552713678800501e-15,0.5083881194875363,0.24754758377254119,0.24406429673992255
2000-07-19,SYN-0201,sparse_single_ball,0.0017997295422702564,0.5083881194875363,0.24754758377254119,0.24406429673992255
2000-07-19,SYN-0201,spike_slab,0.0024835475484081826,0.5083881194875363,0.24754758377254119,0.24406429673992255
2000-07-19,SYN-0201,online_mixture,0.0010522646268142921,0.5083881194875363,0.24754758377254119,0.24406429673992255
2000-07-20,SYN-0202,uniform,-3.552713678800501e-15,0.5081719100630387,0.24761793552020628,0.24421015441675498
2000-07-20,SYN-0202,sparse_single_ball,-0.0016276903936365272,0.5081719100630387,0.24761793552020628,0.24421015441675498
2000-07-20,SYN-0202,spike_slab,-0.002589197963821732,0.5081719100630387,0.24761793552020628,0.24421015441675498
2000-07-20,SYN-0202,online_mixture,-0.0010347432132249423,0.5081719100630387,0.24761793552020628,0.24421015441675498
2000-07-21,SYN-0203,uniform,-3.552713678800501e-15,0.5082204076937532,0.2476054478887064,0.24417414441754035
2000-07-21,SYN-0203,sparse_single_ball,-0.003173579286464445,0.5082204076937532,0.2476054478887064,0.24417414441754035
2000-07-21,SYN-0203,spike_slab,-0.00486940747461162,0.5082204076937532,0.2476054478887064,0.24417414441754035
2000-07-21,SYN-0203,online_mixture,-0.0019725874930891507,0.5082204076937532,0.2476054478887064,0.24417414441754035
2000-07-22,SYN-0204,uniform,-3.552713678800501e-15,0.5083865926674388,0.24755590554748108,0.24405750178508012
2000-07-22,SYN-0204,sparse_single_ball,0.001157119190839495,0.5083865926674388,0.24755590554748108,0.24405750178508012
2000-07-22,SYN-0204,spike_slab,0.0014846649628275088,0.5083865926674388,0.24755590554748108,0.24405750178508012
2000-07-22,SYN-0204,online_mixture,0.0006490195580823865,0.5083865926674388,0.24755590554748108,0.24405750178508012
2000-07-23,SYN-0205,uniform,-3.552713678800501e-15,0.5082210911959674,0.24761149008393823,0.2441674187200945
2000-07-23,SYN-0205,sparse_single_ball,-0.01814567005461143,0.5082210911959674,0.24761149008393823,0.2441674187200945
2000-07-23,SYN-0205,spike_slab,-0.025216502714823008,0.5082210911959674,0.24761149008393823,0.2441674187200945
2000-07-23,SYN-0205,online_mixture,-0.010588484771862028,0.5082210911959674,0.24761149008393823,0.2441674187200945
2000-07-24,SYN-0206,uniform,-3.552713678800501e-15,0.5094783437197553,0.24717550637986815,0.2433461499003764
2000-07-24,SYN-0206,sparse_single_ball,0.0006577750364904489,0.5094783437197553,0.24717550637986815,0.2433461499003764
2000-07-24,SYN-0206,spike_slab,0.0008943931479734601,0.5094783437197553,0.24717550637986815,0.2433461499003764
2000-07-24,SYN-0206,online_mixture,0.0003803115234539689,0.5094783437197553,0.24717550637986815,0.2433461499003764
2000-07-25,SYN-0207,uniform,-3.552713678800501e-15,0.509335614267002,0.24722072959818572,0.24344365613481214
2000-07-25,SYN-0207,sparse_single_ball,0.007043006855045775,0.509335614267002,0.24722072959818572,0.24344365613481214
2000-07-25,SYN-0207,spike_slab,0.01007657949934071,0.509335614267002,0.24722072959818572,0.24344365613481214
2000-07-25,SYN-0207,online_mixture,0.004203954559674372,0.509335614267002,0.24722072959818572,0.24344365613481214
2000-07-26,SYN-0208,uniform,-3.552713678800501e-15,0.5087134996286157,0.2474227428183773,0.243863757553007
2000-07-26,SYN-0208,sparse_single_ball,0.005546151205017225,0.5087134996286157,0.2474227428183773,0.243863757553007
2000-07-26,SYN-0208,spike_slab,0.00792895225356105,0.5087134996286157,0.2474227428183773,0.243863757553007
2000-07-26,SYN-0208,online_mixture,0.003311836173953253,0.5087134996286157,0.2474227428183773,0.243863757553007
2000-07-27,SYN-0209,uniform,-3.552713678800501e-15,0.5082101221158342,0.24758565275939515,0.24420422512477058
2000-07-27,SYN-0209,sparse_single_ball,0.004919362110726411,0.5082101221158342,0.24758565275939515,0.24420422512477058
2000-07-27,SYN-0209,spike_slab,0.007046323688324918,0.5082101221158342,0.24758565275939515,0.24420422512477058
2000-07-27,SYN-0209,online_mixture,0.002943446740154343,0.5082101221158342,0.24758565275939515,0.24420422512477058
2000-07-28,SYN-0210,uniform,-3.552713678800501e-15,0.5077583714148287,0.24773112321302881,0.24451050537214236
2000-07-28,SYN-0210,sparse_single_ball,-0.010703298045076082,0.5077583714148287,0.24773112321302881,0.24451050537214236
2000-07-28,SYN-0210,spike_slab,-0.014987493525460138,0.5077583714148287,0.24773112321302881,0.24451050537214236
2000-07-28,SYN-0210,online_mixture,-0.0062944436539389415,0.5077583714148287,0.24773112321302881,0.24451050537214236
2000-07-29,SYN-0211,uniform,-3.552713678800501e-15,0.5084744823033965,0.2474846353096199,0.24404088238698343
2000-07-29,SYN-0211,sparse_single_ball,0.004599998218331791,0.5084744823033965,0.2474846353096199,0.24404088238698343
2000-07-29,SYN-0211,spike_slab,0.006619958343613064,0.5084744823033965,0.2474846353096199,0.24404088238698343
2000-07-29,SYN-0211,online_mixture,0.0027581438085846344,0.5084744823033965,0.2474846353096199,0.24404088238698343
2000-07-30,SYN-0212,uniform,-3.552713678800501e-15,0.508043145557951,0.2476228248943808,0.2443340295476682
2000-07-30,SYN-0212,sparse_single_ball,-0.012897422392004643,0.508043145557951,0.2476228248943808,0.2443340295476682
2000-07-30,SYN-0212,spike_slab,-0.0185297794693966,0.508043145557951,0.2476228248943808,0.2443340295476682
2000-07-30,SYN-0212,online_mixture,-0.007688436825208811,0.508043145557951,0.2476228248943808,0.2443340295476682
2000-07-31,SYN-0213,uniform,-3.552713678800501e-15,0.5089334837739453,0.2473290647300554,0.2437374514959994
2000-07-31,SYN-0213,sparse_single_ball,0.005298844206674147,0.5089334837739453,0.2473290647300554,0.2437374514959994
2000-07-31,SYN-0213,spike_slab,0.007602883447837883,0.5089334837739453,0.2473290647300554,0.2437374514959994
2000-07-31,SYN-0213,online_mixture,0.0031691791893280197,0.5089334837739453,0.2473290647300554,0.2437374514959994
2000-08-01,SYN-0214,uniform,-3.552713678800501e-15,0.5084456344247564,0.24748642726727463,0.2440679383079688
2000-08-01,SYN-0214,sparse_single_ball,0.005752300953204781,0.5084456344247564,0.24748642726727463,0.2440679383079688
2000-08-01,SYN-0214,spike_slab,0.008250278988491289,0.5084456344247564,0.24748642726727463,0.2440679383079688
2000-08-01,SYN-0214,online_mixture,0.003443740295388409,0.5084456344247564,0.24748642726727463,0.2440679383079688
2000-08-02,SYN-0215,uniform,-3.552713678800501e-15,0.5079286158201642,0.24765330840443914,0.24441807577539656
2000-08-02,SYN-0215,sparse_single_ball,0.0017453406401806149,0.5079286158201642,0.24765330840443914,0.24441807577539656
2000-08-02,SYN-0215,spike_slab,0.002476774130663273,0.5079286158201642,0.24765330840443914,0.24441807577539656
2000-08-02,SYN-0215,online_mixture,0.0010381963602803523,0.5079286158201642,0.24765330840443914,0.24441807577539656
2000-08-03,SYN-0216,uniform,-3.552713678800501e-15,0.5077188879951087,0.24772015005448245,0.24456096195040894
2000-08-03,SYN-0216,sparse_single_ball,0.0012712222219590785,0.5077188879951087,0.24772015005448245,0.24456096195040894
2000-08-03,SYN-0216,spike_slab,0.0018677679926497603,0.5077188879951087,0.24772015005448245,0.24456096195040894
2000-08-03,SYN-0216,online_mixture,0.0007720195044242928,0.5077188879951087,0.24772015005448245,0.24456096195040894
2000-08-04,SYN-0217,uniform,-3.552713678800501e-15,0.5075447271795515,0.24777357208136933,0.24468170073907916
2000-08-04,SYN-0217,sparse_single_ball,-0.004937211490769755,0.5075447271795515,0.24777357208136933,0.24468170073907916
2000-08-04,SYN-0217,spike_slab,-0.007260862208141816,0.5075447271795515,0.24777357208136933,0.24468170073907916
2000-08-04,SYN-0217,online_mixture,-0.002994941855757105,0.5075447271795515,0.24777357208136933,0.24468170073907916
2000-08-05,SYN-0218,uniform,-3.552713678800501e-15,0.5078461058028212,0.2476769860144316,0.24447690818274725
2000-08-05,SYN-0218,sparse_single_ball,0.005871874680760669,0.5078461058028212,0.2476769860144316,0.24447690818274725
2000-08-05,SYN-0218,spike_slab,0.008479955272882478,0.5078461058028212,0.2476769860144316,0.24447690818274725
2000-08-05,SYN-0218,online_mixture,0.003534321599492074,0.5078461058028212,0.2476769860144316,0.24447690818274725
2000-08-06,SYN-0219,uniform,-3.552713678800501e-15,0.5073242495931997,0.2478438648411492,0.24483188556565116
2000-08-06,SYN-0219,sparse_single_ball,-0.0008488121901173429,0.5073242495931997,0.2478438648411492,0.24483188556565116
2000-08-06,SYN-0219,spike_slab,-0.0013460142707302225,0.5073242495931997,0.2478438648411492,0.24483188556565116
2000-08-06,SYN-0219,online_mixture,-0.0005397548006129682,0.5073242495931997,0.2478438648411492,0.24483188556565116
2000-08-07,SYN-0220,uniform,-3.552713678800501e-15,0.5073188003371246,0.24784647652991512,0.24483472313296037
2000-08-07,SYN-0220,sparse_single_ball,0.004157874876707268,0.5073188003371246,0.24784647652991512,0.24483472313296037
2000-08-07,SYN-0220,spike_slab,0.0059726673466222735,0.5073188003371246,0.24784647652991512,0.24483472313296037
2000-08-07,SYN-0220,online_mixture,0.002496233828029659,0.5073188003371246,0.24784647652991512,0.24483472313296037
2000-08-08,SYN-0221,uniform,-3.552713678800501e-15,0.5069325997537074,0.24797011795312984,0.24509728229316274
2000-08-08,SYN-0221,sparse_single_ball,0.0028759430993758883,0.5069325997537074,0.24797011795312984,0.24509728229316274
2000-08-08,SYN-0221,spike_slab,0.004084352901614352,0.5069325997537074,0.24797011795312984,0.24509728229316274
2000-08-08,SYN-0221,online_mixture,0.0017158125024430149,0.5069325997537074,0.24797011795312984,0.24509728229316274
2000-08-09,SYN-0222,uniform,-3.552713678800501e-15,0.5066481946711782,0.24806170104117056,0.24529010428765122
2000-08-09,SYN-0222,sparse_single_ball,-0.0002989018744870009,0.5066481946711782,0.24806170104117056,0.24529010428765122
2000-08-09,SYN-0222,spike_slab,-0.0004894508060644398,0.5066481946711782,0.24806170104117056,0.24529010428765122
2000-08-09,SYN-0222,online_mixture,-0.00019418194237275088,0.5066481946711782,0.24806170104117056,0.24529010428765122
2000-08-10,SYN-0223,uniform,-3.552713678800501e-15,0.5066060648752141,0.24807465580107652,0.2453192793237095
2000-08-10,SYN-0223,sparse_single_ball,0.001515802328835747,0.5066060648752141,0.24807465580107652,0.2453192793237095
2000-08-10,SYN-0223,spike_slab,0.0020527884237679928,0.5066060648752141,0.24807465580107652,0.2453192793237095
2000-08-10,SYN-0223,online_mixture,0.0008800357461495878,0.5066060648752141,0.24807465580107652,0.2453192793237095
2000-08-11,SYN-0224,uniform,-3.552713678800501e-15,0.5064297121014861,0.24813296656032818,0.24543732133818555
2000-08-11,SYN-0224,sparse_single_ball,0.004958635188518912,0.5064297121014861,0.24813296656032818,0.24543732133818555
2000-08-11,SYN-0224,spike_slab,0.007143104428141811,0.5064297121014861,0.24813296656032818,0.24543732133818555
2000-08-11,SYN-0224,online_mixture,0.0029884475437604863,0.5064297121014861,0.24813296656032818,0.24543732133818555
2000-08-12,SYN-0225,uniform,-3.552713678800501e-15,0.5059914355750149,0.24827288572903475,0.24573567869595045
2000-08-12,SYN-0225,sparse_single_ball,0.0036552908118316907,0.5059914355750149,0.24827288572903475,0.24573567869595045
2000-08-12,SYN-0225,spike_slab,0.005206353206450132,0.5059914355750149,0.24827288572903475,0.24573567869595045
2000-08-12,SYN-0225,online_mixture,0.0021894945287925793,0.5059914355750149,0.24827288572903475,0.24573567869595045
2000-08-13,SYN-0226,uniform,-3.552713678800501e-15,0.5056576434529444,0.24838036273891032,0.2459619938081453
2000-08-13,SYN-0226,sparse_single_ball,0.0008157515879645416,0.5056576434529444,0.24838036273891032,0.2459619938081453
2000-08-13,SYN-0226,spike_slab,0.0009731011283591329,0.5056576434529444,0.24838036273891032,0.2459619938081453
2000-08-13,SYN-0226,online_mixture,0.00044206400091439946,0.5056576434529444,0.24838036273891032,0.2459619938081453
2000-08-14,SYN-0227,uniform,-3.552713678800501e-15,0.5055457551674246,0.24841953698459096,0.24603470784798442
2000-08-14,SYN-0227,sparse_single_ball,0.0028641314101491844,0.5055457551674246,0.24841953698459096,0.24603470784798442
2000-08-14,SYN-0227,spike_slab,0.003982381376903987,0.5055457551674246,0.24841953698459096,0.24603470784798442
2000-08-14,SYN-0227,online_mixture,0.001692850024088699,0.5055457551674246,0.24841953698459096,0.24603470784798442
2000-08-15,SYN-0228,uniform,-3.552713678800501e-15,0.5052786731164378,0.24850743805798114,0.246213888825581
2000-08-15,SYN-0228,sparse_single_ball,-0.008508044710151097,0.5052786731164378,0.24850743805798114,0.246213888825581
2000-08-15,SYN-0228,spike_slab,-0.012771529011242677,0.5052786731164378,0.24850743805798114,0.246213888825581
2000-08-15,SYN-0228,online_mixture,-0.005243600011127114,0.5052786731164378,0.24850743805798114,0.246213888825581
2000-08-16,SYN-0229,uniform,-3.552713678800501e-15,0.5058834936334785,0.24832236635417865,0.2457941400123428
2000-08-16,SYN-0229,sparse_single_ball,-0.0024391866513511218,0.5058834936334785,0.24832236635417865,0.2457941400123428
2000-08-16,SYN-0229,spike_slab,-0.003881454608340107,0.5058834936334785,0.24832236635417865,0.2457941400123428
2000-08-16,SYN-0229,online_mixture,-0.0015583697774133043,0.5058834936334785,0.24832236635417865,0.2457941400123428
2000-08-17,SYN-0230,uniform,-3.552713678800501e-15,0.5060199432476727,0.24828507713463474,0.24569497961769246
2000-08-17,SYN-0230,sparse_single_ball,0.006707808030466111,0.5060199432476727,0.24828507713463474,0.24569497961769246
2000-08-17,SYN-0230,spike_slab,0.009566118868999496,0.5060199432476727,0.24828507713463474,0.24569497961769246
2000-08-17,SYN-0230,online_mixture,0.0040245626365518206,0.5060199432476727,0.24828507713463474,0.24569497961769246
2000-08-18,SYN-0231,uniform,-3.552713678800501e-15,0.5054567840042189,0.24846757293612248,0.24607564305965865
2000-08-18,SYN-0231,sparse_single_ball,-0.024413890375448943,0.5054567840042189,0.24846757293612248,0.24607564305965865
2000-08-18,SYN-0231,spike_slab,-0.03382186765109907,0.5054567840042189,0.24846757293612248,0.24607564305965865
2000-08-18,SYN-0231,online_mixture,-0.01427761880010081,0.5054567840042189,0.24846757293612248,0.24607564305965865
2000-08-19,SYN-0232,uniform,-3.552713678800501e-15,0.5072020122749711,0.2478654627147671,0.24493252501026183
2000-08-19,SYN-0232,sparse_single_ball,0.0038785156222580497,0.5072020122749711,0.2478654627147671,0.24493252501026183
2000-08-19,SYN-0232,spike_slab,0.005499535743521022,0.5072020122749711,0.2478654627147671,0.24493252501026183
2000-08-19,SYN-0232,online_mixture,0.0023112696992839687,0.5072020122749711,0.2478654627147671,0.24493252501026183
2000-08-20,SYN-0233,uniform,-3.552713678800501e-15,0.5068402098059688,0.24798310598565204,0.24517668420837913
2000-08-20,SYN-0233,sparse_single_ball,0.0007539112918593105,0.5068402098059688,0.24798310598565204,0.24517668420837913
2000-08-20,SYN-0233,spike_slab,0.0009168052979582342,0.5068402098059688,0.24798310598565204,0.24517668420837913
2000-08-20,SYN-0233,online_mixture,0.0004118252983538184,0.5068402098059688,0.24798310598565204,0.24517668420837913
2000-08-21,SYN-0234,uniform,-3.552713678800501e-15,0.5067201581352118,0.2480242757173058,0.24525556614748248
2000-08-21,SYN-0234,sparse_single_ball,0.009059370696125058,0.5067201581352118,0.2480242757173058,0.24525556614748248
2000-08-21,SYN-0234,spike_slab,0.013008600691058803,0.5067201581352118,0.2480242757173058,0.24525556614748248
2000-08-21,SYN-0234,online_mixture,0.005453528582552991,0.5067201581352118,0.2480242757173058,0.24525556614748248
2000-08-22,SYN-0235,uniform,-3.552713678800501e-15,0.5059709953207054,0.24826622542963178,0.24576277924966278
2000-08-22,SYN-0235,sparse_single_ball,0.0009824198100005788,0.5059709953207054,0.24826622542963178,0.24576277924966278
2000-08-22,SYN-0235,spike_slab,0.0012488601419136103,0.5059709953207054,0.24826622542963178,0.24576277924966278
2000-08-22,SYN-0235,online_mixture,0.000550984755527395,0.5059709953207054,0.24826622542963178,0.24576277924966278
2000-08-23,SYN-0236,uniform,-3.552713678800501e-15,0.5058423065015316,0.24831008187948342,0.24584761161898486
2000-08-23,SYN-0236,sparse_single_ball,0.0011219957638637368,0.5058423065015316,0.24831008187948342,0.24584761161898486
2000-08-23,SYN-0236,spike_slab,0.001417667102849407,0.5058423065015316,0.24831008187948342,0.24584761161898486
2000-08-23,SYN-0236,online_mixture,0.0006273396333149606,0.5058423065015316,0.24831008187948342,0.24584761161898486
2000-08-24,SYN-0237,uniform,-3.552713678800501e-15,0.5057053686064362,0.2483573924249203,0.24593723896864347
2000-08-24,SYN-0237,sparse_single_ball,0.006796828473387251,0.5057053686064362,0.2483573924249203,0.24593723896864347
2000-08-24,SYN-0237,spike_slab,0.009722697930129698,0.5057053686064362,0.2483573924249203,0.24593723896864347
2000-08-24,SYN-0237,online_mixture,0.004088259528526095,0.5057053686064362,0.2483573924249203,0.24593723896864347
2000-08-25,SYN-0238,uniform,-3.552713678800501e-15,0.5051377293765297,0.2485407836559673,0.246321486967503
2000-08-25,SYN-0238,sparse_single_ball,0.010937118807461843,0.5051377293765297,0.2485407836559673,0.246321486967503
2000-08-25,SYN-0238,spike_slab,0.015850135992753422,0.5051377293765297,0.2485407836559673,0.246321486967503
2000-08-25,SYN-0238,online_mixture,0.006646437606320887,0.5051377293765297,0.2485407836559673,0.246321486967503
2000-08-26,SYN-0239,uniform,-3.552713678800501e-15,0.5042583303437614,0.24882055713689882,0.24692111251933968
2000-08-26,SYN-0239,sparse_single_ball,-0.0008599525328492064,0.5042583303437614,0.24882055713689882,0.24692111251933968
2000-08-26,SYN-0239,spike_slab,-0.0015208532535488928,0.5042583303437614,0.24882055713689882,0.24692111251933968
2000-08-26,SYN-0239,online_mixture,-0.0005893008531181465,0.5042583303437614,0.24882055713689882,0.24692111251933968
2000-08-27,SYN-0240,uniform,-3.552713678800501e-15,0.5042893186026651,0.24881569397502454,0.24689498742231028
2000-08-27,SYN-0240,sparse_single_ball,-0.01902663237664015,0.5042893186026651,0.24881569397502454,0.24689498742231028
2000-08-27,SYN-0240,spike_slab,-0.026499031510923032,0.5042893186026651,0.24881569397502454,0.24689498742231028
2000-08-27,SYN-0240,online_mixture,-0.011208507105038734,0.5042893186026651,0.24881569397502454,0.24689498742231028
