date,draw_id,n1,n2,n3,n4,n5,n6
2000-01-01,SYN-0001,23,27,30,40,43,48
2000-01-02,SYN-0002,1,19,23,37,41,48
2000-01-03,SYN-0003,13,19,34,35,42,44
2000-01-04,SYN-0004,4,11,15,22,24,47
2000-01-05,SYN-0005,7,17,23,31,33,49
2000-01-06,SYN-0006,3,6,13,29,30,33
2000-01-07,SYN-0007,12,16,21,26,35,40
2000-01-08,SYN-0008,4,9,19,25,44,49
2000-01-09,SYN-0009,7,30,31,35,45,47
2000-01-10,SYN-0010,5,19,22,23,29,32
2000-01-11,SYN-0011,1,3,8,17,31,34
2000-01-12,SYN-0012,1,5,25,35,40,44
2000-01-13,SYN-0013,18,24,31,40,45,48
2000-01-14,SYN-0014,10,17,35,41,46,48
2000-01-15,SYN-0015,3,10,16,24,41,49
2000-01-16,SYN-0016,17,21,27,28,41,42
2000-01-17,SYN-0017,17,21,31,36,41,47
2000-01-18,SYN-0018,8,9,26,30,36,48
2000-01-19,SYN-0019,8,22,23,35,36,43
2000-01-20,SYN-0020,2,5,7,28,45,48
2000-01-21,SYN-0021,7,28,30,34,35,39
2000-01-22,SYN-0022,9,13,21,30,40,48
2000-01-23,SYN-0023,5,9,36,37,40,49
2000-01-24,SYN-0024,5,13,19,24,26,36
2000-01-25,SYN-0025,3,6,12,35,36,38
2000-01-26,SYN-0026,12,18,23,24,34,36
2000-01-27,SYN-0027,2,4,16,20,27,39
2000-01-28,SYN-0028,3,6,18,21,31,32
2000-01-29,SYN-0029,14,27,32,36,46,48
2000-01-30,SYN-0030,3,6,12,26,31,42
2000-01-31,SYN-0031,5,9,11,18,35,43
2000-02-01,SYN-0032,8,12,30,32,39,41
2000-02-02,SYN-0033,6,14,21,28,46,49
2000-02-03,SYN-0034,13,27,28,35,41,49
2000-02-04,SYN-0035,4,25,26,27,31,34
2000-02-05,SYN-0036,10,13,23,35,47,48
2000-02-06,SYN-0037,3,6,9,17,25,37
2000-02-07,SYN-0038,21,31,34,38,39,48
2000-02-08,SYN-0039,14,15,19,21,31,36
2000-02-09,SYN-0040,4,17,21,25,28,30
2000-02-10,SYN-0041,2,9,12,18,24,29
2000-02-11,SYN-0042,16,23,27,29,34,39
2000-02-12,SYN-0043,11,13,17,20,24,32
2000-02-13,SYN-0044,4,6,13,15,35,46
2000-02-14,SYN-0045,2,23,24,25,26,30
2000-02-15,SYN-0046,9,28,29,32,44,45
2000-02-16,SYN-0047,15,16,27,28,41,48
2000-02-17,SYN-0048,22,27,33,39,43,45
2000-02-18,SYN-0049,12,14,22,27,44,45
2000-02-19,SYN-0050,5,16,18,20,36,38
2000-02-20,SYN-0051,1,13,15,20,28,46
2000-02-21,SYN-0052,8,22,23,26,36,40
2000-02-22,SYN-0053,3,12,13,14,31,33
2000-02-23,SYN-0054,1,3,4,16,20,30
2000-02-24,SYN-0055,2,5,13,33,39,47
2000-02-25,SYN-0056,2,12,14,16,25,40
2000-02-26,SYN-0057,19,30,32,34,37,45
2000-02-27,SYN-0058,7,19,27,37,38,43
2000-02-28,SYN-0059,2,3,19,33,38,41
2000-02-29,SYN-0060,3,7,19,37,46,48
2000-03-01,SYN-0061,7,12,13,19,30,47
2000-03-02,SYN-0062,1,11,20,24,27,39
2000-03-03,SYN-0063,2,24,27,30,33,41
2000-03-04,SYN-0064,18,19,26,44,45,48
2000-03-05,SYN-0065,6,16,20,22,24,43
2000-03-06,SYN-0066,31,35,36,37,46,48
2000-03-07,SYN-0067,18,26,28,30,36,40
2000-03-08,SYN-0068,1,5,14,16,29,37
2000-03-09,SYN-0069,2,19,37,39,40,44
2000-03-10,SYN-0070,2,8,18,31,43,45
2000-03-11,SYN-0071,3,6,10,16,37,38
2000-03-12,SYN-0072,5,6,14,30,42,45
2000-03-13,SYN-0073,3,6,19,27,40,45
2000-03-14,SYN-0074,6,14,21,24,25,29
2000-03-15,SYN-0075,20,21,24,38,43,44
2000-03-16,SYN-0076,1,6,25,30,36,38
2000-03-17,SYN-0077,4,10,15,18,29,30
2000-03-18,SYN-0078,1,5,15,17,38,46
2000-03-19,SYN-0079,2,12,24,40,41,42
2000-03-20,SYN-0080,5,10,15,23,28,35
2000-03-21,SYN-0081,4,12,16,27,31,38
2000-03-22,SYN-0082,2,3,7,9,29,43
2000-03-23,SYN-0083,2,5,9,27,32,46
2000-03-24,SYN-0084,16,21,23,26,44,46
2000-03-25,SYN-0085,11,22,33,44,45,49
2000-03-26,SYN-0086,4,7,16,20,35,37
2000-03-27,SYN-0087,10,18,22,36,37,42
2000-03-28,SYN-0088,14,35,37,46,47,49
2000-03-29,SYN-0089,3,18,34,45,46,47
2000-03-30,SYN-0090,10,20,33,34,38,40
2000-03-31,SYN-0091,1,2,4,18,34,45
2000-04-01,SYN-0092,2,9,10,20,31,33
2000-04-02,SYN-0093,2,36,42,45,48,49
2000-04-03,SYN-0094,19,20,28,42,46,47
2000-04-04,SYN-0095,7,8,13,23,25,46
2000-04-05,SYN-0096,18,21,34,37,41,42
2000-04-06,SYN-0097,12,18,20,21,27,40
2000-04-07,SYN-0098,6,9,10,12,38,47
2000-04-08,SYN-0099,17,26,27,30,32,33
2000-04-09,SYN-0100,2,8,9,17,20,46
2000-04-10,SYN-0101,3,16,28,34,39,49
2000-04-11,SYN-0102,5,12,20,30,45,49
2000-04-12,SYN-0103,5,9,14,25,27,47
2000-04-13,SYN-0104,3,11,21,23,31,48
2000-04-14,SYN-0105,3,19,26,37,39,49
2000-04-15,SYN-0106,22,26,31,33,38,48
2000-04-16,SYN-0107,4,14,19,28,31,42
2000-04-17,SYN-0108,10,17,21,22,24,33
2000-04-18,SYN-0109,5,7,15,35,38,49
2000-04-19,SYN-0110,2,14,23,31,33,40
2000-04-20,SYN-0111,1,8,17,18,21,48
2000-04-21,SYN-0112,7,12,13,21,38,41
2000-04-22,SYN-0113,9,18,20,22,28,35
2000-04-23,SYN-0114,3,4,8,12,24,31
2000-04-24,SYN-0115,12,15,17,19,42,48
2000-04-25,SYN-0116,7,13,16,38,42,49
2000-04-26,SYN-0117,22,23,34,35,38,40
2000-04-27,SYN-0118,8,15,19,27,28,31
2000-04-28,SYN-0119,1,4,11,15,31,49
2000-04-29,SYN-0120,7,17,18,22,26,40
2000-04-30,SYN-0121,6,9,17,23,32,42
2000-05-01,SYN-0122,6,9,10,32,34,48
2000-05-02,SYN-0123,3,16,18,19,32,33
2000-05-03,SYN-0124,14,30,34,36,37,44
2000-05-04,SYN-0125,4,9,11,21,30,36
2000-05-05,SYN-0126,5,8,16,17,22,24
2000-05-06,SYN-0127,10,27,36,43,44,46
2000-05-07,SYN-0128,6,7,19,23,30,42
2000-05-08,SYN-0129,9,16,19,20,24,41
2000-05-09,SYN-0130,2,11,16,17,36,45
2000-05-10,SYN-0131,8,14,31,41,43,46
2000-05-11,SYN-0132,1,10,38,40,41,48
2000-05-12,SYN-0133,4,12,13,15,32,48
2000-05-13,SYN-0134,2,4,6,16,27,44
2000-05-14,SYN-0135,6,12,40,41,43,49
2000-05-15,SYN-0136,4,16,17,23,26,30
2000-05-16,SYN-0137,9,12,13,14,37,40
2000-05-17,SYN-0138,6,19,20,21,32,44
2000-05-18,SYN-0139,2,14,31,41,43,48
2000-05-19,SYN-0140,2,6,11,21,45,49
2000-05-20,SYN-0141,9,20,34,35,40,42
2000-05-21,SYN-0142,3,17,26,27,32,33
2000-05-22,SYN-0143,24,31,34,45,47,49
2000-05-23,SYN-0144,9,20,27,29,33,44
2000-05-24,SYN-0145,16,19,23,24,28,34
2000-05-25,SYN-0146,7,12,13,21,34,35
2000-05-26,SYN-0147,18,22,23,33,37,43
2000-05-27,SYN-0148,17,23,24,27,30,48
2000-05-28,SYN-0149,1,19,20,25,36,39
2000-05-29,SYN-0150,6,12,29,39,46,49
2000-05-30,SYN-0151,1,14,27,40,41,43
2000-05-31,SYN-0152,3,4,22,25,26,35
2000-06-01,SYN-0153,6,9,15,31,37,43
2000-06-02,SYN-0154,7,14,18,28,33,49
2000-06-03,SYN-0155,4,15,17,42,46,48
2000-06-04,SYN-0156,13,22,32,34,39,41
2000-06-05,SYN-0157,2,9,13,36,39,47
2000-06-06,SYN-0158,5,17,20,38,42,48
2000-06-07,SYN-0159,17,29,32,37,38,42
2000-06-08,SYN-0160,3,21,23,25,28,35
2000-06-09,SYN-0161,7,14,24,31,34,46
2000-06-10,SYN-0162,7,13,23,25,33,36
2000-06-11,SYN-0163,24,27,28,32,43,45
2000-06-12,SYN-0164,4,15,34,38,41,45
2000-06-13,SYN-0165,1,8,14,25,44,49
2000-06-14,SYN-0166,5,9,14,20,21,42
2000-06-15,SYN-0167,8,15,18,26,44,46
2000-06-16,SYN-0168,6,10,11,14,16,35
2000-06-17,SYN-0169,1,5,17,20,21,29
2000-06-18,SYN-0170,7,16,37,39,41,48
2000-06-19,SYN-0171,6,9,26,29,34,41
2000-06-20,SYN-0172,3,10,11,15,30,33
2000-06-21,SYN-0173,1,8,15,27,29,49
2000-06-22,SYN-0174,2,3,12,30,41,45
2000-06-23,SYN-0175,4,13,21,37,40,41
2000-06-24,SYN-0176,9,38,42,45,47,49
2000-06-25,SYN-0177,15,22,24,25,28,49
2000-06-26,SYN-0178,7,13,15,17,28,41
2000-06-27,SYN-0179,2,12,13,21,23,29
2000-06-28,SYN-0180,9,17,20,29,39,46
2000-06-29,SYN-0181,9,12,18,35,37,44
2000-06-30,SYN-0182,10,13,18,22,27,35
2000-07-01,SYN-0183,11,18,19,20,22,31
2000-07-02,SYN-0184,7,23,24,28,47,49
2000-07-03,SYN-0185,6,13,17,20,25,44
2000-07-04,SYN-0186,8,27,34,44,47,49
2000-07-05,SYN-0187,3,4,17,20,38,40
2000-07-06,SYN-0188,7,16,19,21,34,39
2000-07-07,SYN-0189,2,12,13,29,33,34
2000-07-08,SYN-0190,5,9,13,25,26,29
2000-07-09,SYN-0191,3,13,28,37,40,44
2000-07-10,SYN-0192,3,5,15,28,46,47
2000-07-11,SYN-0193,7,18,24,30,42,48
2000-07-12,SYN-0194,2,5,15,33,42,49
2000-07-13,SYN-0195,6,10,11,16,23,27
2000-07-14,SYN-0196,13,17,21,41,42,49
2000-07-15,SYN-0197,16,26,32,40,46,48
2000-07-16,SYN-0198,13,19,33,36,45,47
2000-07-17,SYN-0199,2,11,13,22,23,43
2000-07-18,SYN-0200,19,25,31,36,43,44
2000-07-19,SYN-0201,2,4,14,28,32,41
2000-07-20,SYN-0202,26,36,37,38,42,47
2000-07-21,SYN-0203,19,25,26,36,39,47
2000-07-22,SYN-0204,12,19,24,30,39,43
2000-07-23,SYN-0205,11,15,18,24,26,38
2000-07-24,SYN-0206,1,16,27,30,31,47
2000-07-25,SYN-0207,3,4,13,24,28,48
2000-07-26,SYN-0208,13,22,27,29,37,49
2000-07-27,SYN-0209,26,27,28,30,32,37
2000-07-28,SYN-0210,2,4,11,17,35,37
2000-07-29,SYN-0211,2,18,19,21,22,42
2000-07-30,SYN-0212,8,10,17,18,25,45
2000-07-31,SYN-0213,2,3,6,9,15,21
2000-08-01,SYN-0214,16,27,28,45,47,48
2000-08-02,SYN-0215,29,30,35,38,41,48
2000-08-03,SYN-0216,8,27,28,31,33,35
2000-08-04,SYN-0217,1,5,15,16,18,39
2000-08-05,SYN-0218,2,5,17,30,31,42
2000-08-06,SYN-0219,7,9,12,43,45,46
2000-08-07,SYN-0220,14,19,21,28,40,42
2000-08-08,SYN-0221,7,9,33,34,47,48
2000-08-09,SYN-0222,3,8,16,23,24,28
2000-08-10,SYN-0223,24,34,36,40,44,46
2000-08-11,SYN-0224,13,23,28,31,42,43
2000-08-12,SYN-0225,3,19,43,46,47,48
2000-08-13,SYN-0226,3,18,33,37,39,44
2000-08-14,SYN-0227,5,15,31,36,43,45
2000-08-15,SYN-0228,7,8,10,13,20,32
2000-08-16,SYN-0229,1,26,34,44,45,46
2000-08-17,SYN-0230,3,6,13,17,25,33
2000-08-18,SYN-0231,1,11,23,24,28,36
2000-08-19,SYN-0232,4,24,30,34,36,42
2000-08-20,SYN-0233,14,37,42,44,45,47
2000-08-21,SYN-0234,13,16,27,43,45,49
2000-08-22,SYN-0235,1,6,20,40,47,48
2000-08-23,SYN-0236,14,25,34,37,40,47
2000-08-24,SYN-0237,1,13,16,23,35,38
2000-08-25,SYN-0238,13,30,31,41,43,45
2000-08-26,SYN-0239,4,5,29,30,35,42
2000-08-27,SYN-0240,11,12,19,23,24,44
